Date,MinTemp,MaxTemp,Rainfall
2018-01-01,16.0,24.3,0.0
2018-01-02,13.8,23.0,0.0
2018-01-03,13.2,23.6,0.0
2018-01-04,12.6,30.3,0.0
2018-01-05,15.0,37.7,0.0
2018-01-06,24.6,42.3,0.0
2018-01-07,17.2,32.3,0.0
2018-01-08,16.9,26.0,0.0
2018-01-09,13.9,26.7,0.0
2018-01-10,13.6,28.7,0.0
2018-01-11,18.5,36.0,0.0
2018-01-12,23.4,23.8,2.0
2018-01-13,17.3,22.8,0.6
2018-01-14,13.7,26.0,0.2
2018-01-15,14.2,30.1,0.0
2018-01-16,17.3,32.2,0.0
2018-01-17,18.0,38.7,0.0
2018-01-18,25.4,41.9,0.0
2018-01-19,22.1,42.2,0.0
2018-01-20,23.7,38.5,0.0
2018-01-21,22.8,36.0,0.0
2018-01-22,21.3,31.0,1.2
2018-01-23,13.5,30.9,0.0
2018-01-24,13.8,33.0,0.0
2018-01-25,15.8,34.7,0.0
2018-01-26,19.6,33.2,0.0
2018-01-27,20.6,37.3,0.4
2018-01-28,25.0,41.8,0.0
2018-01-29,23.6,27.6,0.6
2018-01-30,16.5,22.8,1.8
2018-01-31,14.3,22.6,0.0
2018-02-01,13.6,25.2,0.0
2018-02-02,15.9,30.3,0.0
2018-02-03,19.1,33.5,0.0
2018-02-04,19.8,34.4,0.0
2018-02-05,21.8,35.8,0.0
2018-02-06,19.2,33.9,0.0
2018-02-07,20.7,39.7,0.0
2018-02-08,22.8,39.5,0.0
2018-02-09,28.7,39.4,0.0
2018-02-10,25.0,31.1,0.0
2018-02-11,14.7,24.1,0.0
2018-02-12,13.2,23.8,0.0
2018-02-13,13.5,28.9,0.0
2018-02-14,18.6,23.6,0.0
2018-02-15,11.9,22.8,0.0
2018-02-16,14.4,24.9,0.0
2018-02-17,13.5,26.2,0.0
2018-02-18,16.6,26.7,0.0
2018-02-19,17.9,29.2,0.8
2018-02-20,18.9,33.6,0.0
2018-02-21,23.5,31.5,0.0
2018-02-22,23.1,32.4,0.0
2018-02-23,24.2,34.4,0.2
2018-02-24,19.8,24.6,2.0
2018-02-25,15.7,23.7,0.0
2018-02-26,10.9,24.5,0.0
2018-02-27,16.1,35.6,0.0
2018-02-28,18.5,23.9,0.0
2018-03-01,16.5,29.4,0.0
2018-03-02,18.2,32.4,0.0
2018-03-03,15.3,25.9,0.0
2018-03-04,15.2,24.3,0.0
2018-03-05,12.6,24.0,0.0
2018-03-06,12.4,26.2,0.0
2018-03-07,16.7,34.5,0.0
2018-03-08,22.1,34.2,0.0
2018-03-09,24.1,35.5,0.0
2018-03-10,22.3,35.4,0.0
2018-03-11,17.7,32.3,0.0
2018-03-12,14.2,25.3,0.0
2018-03-13,14.2,24.75,0.0
2018-03-14,12.95,24.2,0.0
2018-03-15,11.7,24.7,0.0
2018-03-16,13.6,27.4,0.0
2018-03-17,18.2,30.1,1.6
2018-03-18,16.2,21.2,1.0
2018-03-19,15.95,23.2,0.0
2018-03-20,15.7,22.6,0.0
2018-03-21,11.4,22.4,0.0
2018-03-22,13.1,29.0,0.0
2018-03-23,19.0,33.4,0.0
2018-03-24,20.8,34.0,0.0
2018-03-25,16.9,22.1,0.2
2018-03-26,11.7,20.2,1.6
2018-03-27,12.4,27.5,0.0
2018-03-28,16.6,22.6,0.0
2018-03-29,12.5,22.7,0.0
2018-03-30,16.3,22.5,0.0
2018-03-31,11.5,25.7,0.0
2018-04-01,11.175,27.3,0.0
2018-04-02,10.85,21.6,0.0
2018-04-03,10.524999999999999,22.2,0.0
2018-04-04,10.2,24.7,0.0
2018-04-05,10.4,23.9,0.0
2018-04-06,10.6,25.8,0.0
2018-04-07,12.0,31.2,0.0
2018-04-08,17.9,34.0,0.0
2018-04-09,20.2,36.3,0.0
2018-04-10,24.0,35.4,0.0
2018-04-11,17.5,36.3,0.0
2018-04-12,17.4,23.7,0.0
2018-04-13,13.9,23.4,0.0
2018-04-14,14.1,19.3,5.4
2018-04-15,14.1,20.1,2.2
2018-04-16,16.5,19.2,2.4
2018-04-17,11.9,21.1,0.6
2018-04-18,14.4,26.8,0.0
2018-04-19,17.8,30.5,0.0
2018-04-20,21.2,31.5,0.0
2018-04-21,18.1,30.6,1.2
2018-04-22,13.9,31.9,0.0
2018-04-23,20.6,31.2,0.0
2018-04-24,19.5,21.9,0.6
2018-04-25,12.9,22.6,2.0
2018-04-26,11.4,21.3,0.0
2018-04-27,10.4,23.0,0.0
2018-04-28,10.0,22.3,0.0
2018-04-29,10.1,23.3,0.0
2018-04-30,8.9,22.4,0.0
2018-05-01,14.2,23.5,0.0
2018-05-02,15.2,26.6,0.0
2018-05-03,15.9,17.4,4.8
2018-05-04,11.2,18.4,15.8
2018-05-05,11.2,20.3,0.0
2018-05-06,9.8,21.8,0.0
2018-05-07,14.3,20.5,0.0
2018-05-08,9.9,19.2,0.6
2018-05-09,8.7,18.5,0.0
2018-05-10,10.4,15.4,4.4
2018-05-11,9.3,16.55,2.8
2018-05-12,10.0,17.7,0.0
2018-05-13,11.0,18.9,0.0
2018-05-14,5.9,16.1,0.0
2018-05-15,10.8,17.7,0.0
2018-05-16,4.8,17.1,0.4
2018-05-17,10.5,15.2,0.0
2018-05-18,12.9,17.8,6.8
2018-05-19,12.2,17.6,22.8
2018-05-20,10.4,16.0,0.0
2018-05-21,12.2,16.4,0.0
2018-05-22,14.0,16.8,0.0
2018-05-23,12.6,16.6,0.2
2018-05-24,12.7,16.0,0.0
2018-05-25,8.5,20.1,0.0
2018-05-26,14.1,24.8,0.0
2018-05-27,16.8,19.4,0.0
2018-05-28,15.0,21.7,1.4
2018-05-29,13.0,15.7,0.2
2018-05-30,8.0,16.3,1.6
2018-05-31,10.5,18.1,0.6
2018-06-01,5.3,18.5,0.2
2018-06-02,7.4,19.7,0.0
2018-06-03,5.5,17.9,0.0
2018-06-04,7.9,16.3,0.0
2018-06-05,5.4,17.1,0.0
2018-06-06,6.8,18.4,0.2
2018-06-07,12.5,16.5,0.0
2018-06-08,12.0,14.6,2.6
2018-06-09,12.1,18.1,0.8
2018-06-10,9.3,19.5,0.0
2018-06-11,13.8,21.0,0.0
2018-06-12,12.4,15.0,6.0
2018-06-13,9.9,15.6,14.2
2018-06-14,10.5,16.1,6.0
2018-06-15,9.7,15.3,7.4
2018-06-16,9.1,13.5,7.4
2018-06-17,6.5,13.9,6.0
2018-06-18,5.4,12.4,2.0
2018-06-19,7.3,13.8,0.0
2018-06-20,8.2,15.3,0.0
2018-06-21,6.7,16.2,0.0
2018-06-22,3.5,15.8,0.0
2018-06-23,4.2,16.5,0.0
2018-06-24,5.9,15.6,0.0
2018-06-25,4.4,12.9,0.0
2018-06-26,5.4,13.7,0.0
2018-06-27,3.1,13.4,0.0
2018-06-28,2.9,13.7,0.0
2018-06-29,7.1,14.7,0.0
2018-06-30,8.2,14.4,1.8
2018-07-01,3.3,16.1,0.0
2018-07-02,6.1,17.85,0.0
2018-07-03,10.1,19.6,0.0
2018-07-04,11.4,19.0,0.0
2018-07-05,13.3,17.3,0.2
2018-07-06,8.9,15.0,5.000000000000001
2018-07-07,8.4,14.1,9.8
2018-07-08,10.0,15.0,0.6
2018-07-09,8.4,13.6,0.0
2018-07-10,4.8,14.5,0.0
2018-07-11,5.3,14.0,2.6
2018-07-12,7.4,14.8,1.6
2018-07-13,3.8,14.5,0.2
2018-07-14,6.0,16.6,0.0
2018-07-15,8.2,16.5,0.0
2018-07-16,10.7,16.8,0.2
2018-07-17,11.7,14.9,0.0
2018-07-18,7.4,17.2,0.0
2018-07-19,9.1,12.2,0.0
2018-07-20,7.7,13.2,12.8
2018-07-21,7.8,15.4,1.8
2018-07-22,9.7,17.7,0.2
2018-07-23,12.5,18.4,0.0
2018-07-24,10.8,17.0,3.0
2018-07-25,11.1,16.2,8.0
2018-07-26,9.1,19.6,0.0
2018-07-27,12.9,21.2,0.0
2018-07-28,7.7,17.6,0.0
2018-07-29,8.9,13.8,2.2
2018-07-30,8.6,15.8,0.6
2018-07-31,11.0,16.1,1.8
2018-08-01,9.6,16.9,2.2
2018-08-02,11.7,22.4,10.7
2018-08-03,8.9,14.2,19.2
2018-08-04,9.5,17.9,1.2
2018-08-05,12.3,15.5,0.2
2018-08-06,8.0,13.1,15.6
2018-08-07,7.1,14.2,9.4
2018-08-08,9.6,15.7,2.6
2018-08-09,10.6,19.8,0.4
2018-08-10,13.3,17.0,0.0
2018-08-11,7.5,12.3,7.4
2018-08-12,6.9,15.0,3.0
2018-08-13,9.9,15.1,1.6
2018-08-14,8.5,18.1,0.0
2018-08-15,11.8,16.9,0.0
2018-08-16,6.9,14.7,2.2
2018-08-17,7.5,16.3,0.0
2018-08-18,8.8,13.7,4.2
2018-08-19,7.5,14.0,1.4
2018-08-20,5.2,13.5,0.2
2018-08-21,7.9,15.6,0.0
2018-08-22,7.3,20.7,0.0
2018-08-23,13.7,20.8,0.0
2018-08-24,14.7,20.4,0.0
2018-08-25,6.0,19.1,0.0
2018-08-26,4.1,15.9,0.0
2018-08-27,8.5,16.3,0.0
2018-08-28,9.8,19.2,0.0
2018-08-29,13.1,25.4,0.0
2018-08-30,19.2,20.1,0.0
2018-08-31,10.3,16.0,6.0
2018-09-01,10.2,15.9,8.2
2018-09-02,7.8,14.8,0.4
2018-09-03,3.4,15.9,0.0
2018-09-04,5.1,17.5,0.0
2018-09-05,9.6,20.5,0.0
2018-09-06,11.4,16.1,1.0
2018-09-07,4.2,15.8,0.2
2018-09-08,7.8,18.2,0.0
2018-09-09,9.5,19.6,0.0
2018-09-10,7.7,25.2,0.0
2018-09-11,15.6,23.1,0.0
2018-09-12,9.7,15.8,0.2
2018-09-13,7.9,19.1,0.0
2018-09-14,12.1,26.7,0.0
2018-09-15,7.5,13.3,4.0
2018-09-16,5.5,15.5,0.2
2018-09-17,6.3,20.1,0.0
2018-09-18,11.8,16.6,0.0
2018-09-19,9.0,14.8,2.0
2018-09-20,8.5,15.9,5.0
2018-09-21,11.0,19.7,0.0
2018-09-22,7.6,21.7,0.0
2018-09-23,7.4,19.7,0.0
2018-09-24,5.1,17.6,0.0
2018-09-25,4.9,19.3,0.0
2018-09-26,8.0,25.3,0.0
2018-09-27,9.7,18.0,0.0
2018-09-28,11.2,16.4,0.0
2018-09-29,5.9,16.0,0.2
2018-09-30,6.2,22.7,0.0
2018-10-01,14.5,25.0,0.0
2018-10-02,17.9,29.2,0.0
2018-10-03,14.0,19.6,6.0
2018-10-04,11.0,16.2,0.2
2018-10-05,8.6,19.6,0.0
2018-10-06,8.7,23.7,0.0
2018-10-07,13.9,29.7,0.2
2018-10-08,18.3,28.7,0.0
2018-10-09,13.3,16.0,0.0
2018-10-10,9.9,18.8,0.2
2018-10-11,6.5,22.2,0.0
2018-10-12,13.9,25.9,0.0
2018-10-13,15.9,29.2,0.0
2018-10-14,21.7,28.5,0.0
2018-10-15,19.3,26.4,4.6
2018-10-16,13.6,16.0,2.2
2018-10-17,12.3,14.8,3.6
2018-10-18,11.2,24.0,2.0
2018-10-19,11.8,26.7,0.2
2018-10-20,11.9,18.3,0.0
2018-10-21,7.2,24.1,0.0
2018-10-22,14.9,29.7,0.0
2018-10-23,12.6,18.9,0.0
2018-10-24,7.5,22.6,0.0
2018-10-25,10.1,23.7,0.0
2018-10-26,7.7,24.3,0.0
2018-10-27,9.0,25.7,0.0
2018-10-28,12.6,21.8,0.0
2018-10-29,8.6,22.4,0.0
2018-10-30,8.4,27.9,0.0
2018-10-31,12.5,35.1,0.0
2018-11-01,23.0,33.9,0.0
2018-11-02,19.3,24.7,2.8
2018-11-03,15.0,20.6,0.0
2018-11-04,12.5,28.9,0.0
2018-11-05,17.1,25.7,4.4
2018-11-06,15.3,19.7,1.4
2018-11-07,9.8,17.3,1.0
2018-11-08,8.5,19.8,1.2
2018-11-09,8.3,23.7,0.0
2018-11-10,8.8,26.0,0.0
2018-11-11,10.8,31.8,0.0
2018-11-12,20.2,34.7,0.0
2018-11-13,18.5,24.5,0.0
2018-11-14,13.9,21.9,0.0
2018-11-15,11.0,23.4,0.0
2018-11-16,9.2,22.2,0.0
2018-11-17,10.5,25.2,0.0
2018-11-18,15.5,31.0,0.0
2018-11-19,23.2,36.1,0.0
2018-11-20,14.2,19.7,1.0
2018-11-21,12.1,16.3,5.2
2018-11-22,10.0,17.9,11.0
2018-11-23,10.4,18.2,0.4
2018-11-24,6.5,21.1,0.2
2018-11-25,11.3,22.6,3.4
2018-11-26,8.9,22.1,0.0
2018-11-27,12.7,19.7,0.2
2018-11-28,13.3,20.4,3.8
2018-11-29,9.4,21.3,0.0
2018-11-30,9.3,28.2,0.0
2018-12-01,17.3,33.2,0.0
2018-12-02,13.7,20.1,0.4
2018-12-03,14.9,22.6,0.0
2018-12-04,12.0,26.6,0.0
2018-12-05,16.0,34.2,0.0
2018-12-06,23.9,38.9,0.0
2018-12-07,25.8,39.6,0.0
2018-12-08,18.8,23.8,0.6
2018-12-09,15.9,31.3,3.8
2018-12-10,14.2,28.3,0.0
2018-12-11,16.1,34.2,0.0
2018-12-12,21.2,35.1,0.0
2018-12-13,13.0,16.5,3.0
2018-12-14,10.8,22.1,10.6
2018-12-15,13.9,24.5,0.0
2018-12-16,16.8,22.7,1.4
2018-12-17,15.9,27.4,0.0
2018-12-18,18.5,29.4,0.0
2018-12-19,18.0,35.3,0.0
2018-12-20,17.5,24.6,0.0
2018-12-21,14.2,24.200000000000003,0.0
2018-12-22,10.8,23.8,0.0
2018-12-23,10.6,29.4,0.0
2018-12-24,15.3,36.0,0.0
2018-12-25,16.3,36.2,0.0
2018-12-26,17.0,37.9,0.0
2018-12-27,18.0,42.2,0.0
2018-12-28,22.2,36.3,0.0
2018-12-29,22.8,30.8,0.0
2018-12-30,17.2,29.1,0.0
2018-12-31,14.9,29.3,0.0
2019-01-01,13.0,32.4,0.0
2019-01-02,15.5,33.6,0.0
2019-01-03,19.2,41.5,0.0
2019-01-04,25.5,26.8,0.0
2019-01-05,16.3,23.1,0.0
2019-01-06,13.1,27.4,0.0
2019-01-07,13.0,27.5,0.0
2019-01-08,12.8,26.7,0.0
2019-01-09,14.0,25.9,0.0
2019-01-10,13.2,29.8,0.0
2019-01-11,16.5,38.2,0.0
2019-01-12,22.9,32.5,0.0
2019-01-13,13.6,34.9,0.0
2019-01-14,17.0,39.9,0.0
2019-01-15,20.7,41.9,0.0
2019-01-16,21.4,40.3,0.0
2019-01-17,24.4,39.6,0.0
2019-01-18,22.7,27.2,0.0
2019-01-19,15.3,29.0,0.0
2019-01-20,16.4,32.1,0.0
2019-01-21,20.3,34.9,0.0
2019-01-22,21.5,38.9,0.0
2019-01-23,23.1,40.9,0.0
2019-01-24,30.7,46.6,0.0
2019-01-25,23.7,28.5,0.0
2019-01-26,17.2,26.6,0.0
2019-01-27,15.7,25.3,0.0
2019-01-28,14.0,29.2,0.0
2019-01-29,15.7,32.5,0.0
2019-01-30,16.9,38.8,0.0
2019-01-31,16.2,25.6,0.0
2019-02-01,14.5,29.4,0.0
2019-02-02,14.5,37.9,0.0
2019-02-03,23.7,37.7,0.0
2019-02-04,18.6,26.8,0.0
2019-02-05,16.0,31.5,0.0
2019-02-06,19.4,30.5,0.0
2019-02-07,18.0,31.6,0.0
2019-02-08,17.5,23.5,0.0
2019-02-09,15.6,22.6,1.8
2019-02-10,15.1,22.9,0.8
2019-02-11,17.1,25.1,0.0
2019-02-12,15.9,20.7,1.2
2019-02-13,11.9,21.6,2.8
2019-02-14,11.3,23.0,0.0
2019-02-15,12.4,28.7,0.0
2019-02-16,14.0,30.1,0.0
2019-02-17,15.8,35.2,0.0
2019-02-18,19.2,23.4,0.0
2019-02-19,15.6,23.2,0.0
2019-02-20,14.3,23.3,0.0
2019-02-21,14.3,27.0,0.0
2019-02-22,13.2,31.7,0.0
2019-02-23,18.3,32.9,0.0
2019-02-24,18.4,36.8,0.0
2019-02-25,25.4,37.3,0.0
2019-02-26,20.5,36.8,0.0
2019-02-27,21.0,37.4,0.0
2019-02-28,19.6,37.1,0.0
2019-03-01,21.1,40.3,0.0
2019-03-02,29.3,40.2,0.0
2019-03-03,22.2,32.0,0.0
2019-03-04,17.5,31.4,0.0
2019-03-05,15.0,23.9,0.0
2019-03-06,15.1,20.6,0.0
2019-03-07,10.2,25.5,0.8
2019-03-08,14.4,26.8,0.0
2019-03-09,15.9,27.6,0.0
2019-03-10,18.4,26.1,0.0
2019-03-11,19.1,23.2,0.0
2019-03-12,17.6,21.7,0.0
2019-03-13,12.3,21.9,0.2
2019-03-14,10.5,24.5,0.0
2019-03-15,12.3,27.1,0.0
2019-03-16,14.1,28.4,0.0
2019-03-17,14.9,31.3,0.0
2019-03-18,14.9,30.5,0.0
2019-03-19,15.4,28.6,0.0
2019-03-20,16.6,27.1,0.0
2019-03-21,16.4,28.8,0.0
2019-03-22,15.5,32.2,0.0
2019-03-23,18.8,25.2,0.0
2019-03-24,19.1,26.1,0.0
2019-03-25,13.8,19.4,0.4
2019-03-26,12.9,20.8,2.6
2019-03-27,10.3,23.9,0.0
2019-03-28,12.4,28.9,0.0
2019-03-29,18.0,20.6,1.2
2019-03-30,9.8,18.4,2.4
2019-03-31,10.9,20.5,1.6
2019-04-01,13.9,21.2,0.0
2019-04-02,10.8,27.6,0.0
2019-04-03,13.3,26.6,0.0
2019-04-04,20.1,32.7,0.0
2019-04-05,23.7,32.6,0.0
2019-04-06,17.0,21.0,0.0
2019-04-07,11.8,22.9,0.0
2019-04-08,14.0,23.7,0.0
2019-04-09,13.1,19.0,1.6
2019-04-10,11.3,20.2,0.2
2019-04-11,11.6,21.6,0.0
2019-04-12,13.2,25.2,0.0
2019-04-13,13.6,23.1,0.0
2019-04-14,15.6,28.7,0.8
2019-04-15,18.9,28.9,0.0
2019-04-16,18.7,33.5,0.0
2019-04-17,24.5,25.7,0.0
2019-04-18,10.0,23.0,0.0
2019-04-19,16.6,33.8,0.0
2019-04-20,21.3,32.2,0.0
2019-04-21,14.4,20.0,0.6
2019-04-22,8.9,20.5,0.0
2019-04-23,8.6,21.7,0.0
2019-04-24,8.7,20.4,0.0
2019-04-25,8.2,21.4,0.0
2019-04-26,15.1,18.3,0.0
2019-04-27,9.9,17.9,0.0
2019-04-28,12.0,18.5,0.0
2019-04-29,8.5,23.9,0.0
2019-04-30,15.0,24.3,0.0
2019-05-01,12.9,18.8,6.4
2019-05-02,11.4,17.9,8.0
2019-05-03,10.0,18.9,5.2
2019-05-04,11.4,18.7,4.6
2019-05-05,13.1,18.7,0.0
2019-05-06,6.6,19.6,0.0
2019-05-07,12.4,17.8,0.0
2019-05-08,11.2,17.1,15.2
2019-05-09,10.6,12.3,5.2
2019-05-10,7.5,15.4,9.6
2019-05-11,9.8,17.3,1.6
2019-05-12,12.2,16.7,1.4
2019-05-13,8.4,18.8,0.0
2019-05-14,7.6,19.5,0.0
2019-05-15,7.6,19.5,0.0
2019-05-16,8.4,21.1,0.0
2019-05-17,13.4,22.9,0.0
2019-05-18,11.6,24.9,0.0
2019-05-19,18.6,23.1,0.0
2019-05-20,12.7,18.6,5.6
2019-05-21,13.4,22.6,0.0
2019-05-22,7.7,21.6,0.0
2019-05-23,8.2,24.2,0.0
2019-05-24,15.0,23.4,1.2
2019-05-25,12.7,16.8,1.0
2019-05-26,11.7,15.9,4.4
2019-05-27,11.8,15.1,10.4
2019-05-28,11.7,15.8,0.4
2019-05-29,10.8,14.4,2.2
2019-05-30,4.9,15.6,0.6
2019-05-31,8.8,15.1,0.0
2019-06-01,9.4,15.4,0.2
2019-06-02,11.1,15.5,1.2
2019-06-03,5.9,14.1,0.6
2019-06-04,4.9,12.8,0.0
2019-06-05,4.4,14.1,0.0
2019-06-06,8.3,15.1,0.0
2019-06-07,3.4,16.6,0.0
2019-06-08,6.2,17.2,0.0
2019-06-09,11.0,16.7,0.0
2019-06-10,11.7,17.6,4.2
2019-06-11,11.1,22.2,0.2
2019-06-12,14.3,17.7,39.8
2019-06-13,10.3,16.9,1.2
2019-06-14,10.8,17.1,0.2
2019-06-15,10.9,16.0,1.4
2019-06-16,9.9,16.8,0.0
2019-06-17,8.4,15.1,0.0
2019-06-18,8.5,14.0,5.4
2019-06-19,4.5,13.7,0.0
2019-06-20,7.4,12.4,0.0
2019-06-21,6.9,16.2,0.0
2019-06-22,3.5,15.0,0.0
2019-06-23,1.8,13.7,0.0
2019-06-24,2.4,11.7,0.0
2019-06-25,5.7,16.8,0.0
2019-06-26,8.5,19.1,0.0
2019-06-27,12.0,21.5,0.0
2019-06-28,16.0,21.9,0.0
2019-06-29,10.2,13.9,10.4
2019-06-30,7.2,13.2,18.6
2019-07-01,8.2,14.5,0.0
2019-07-02,8.2,15.3,0.0
2019-07-03,7.7,17.7,0.0
2019-07-04,7.4,16.5,0.0
2019-07-05,6.5,21.3,0.0
2019-07-06,15.5,21.7,0.0
2019-07-07,12.4,16.3,5.4
2019-07-08,8.6,15.3,0.0
2019-07-09,7.2,16.2,0.2
2019-07-10,8.0,16.6,0.0
2019-07-11,10.6,16.0,2.0
2019-07-12,12.3,14.0,4.0
2019-07-13,8.1,13.2,4.8
2019-07-14,9.0,13.5,2.0
2019-07-15,9.9,13.7,1.8
2019-07-16,11.1,13.2,2.2
2019-07-17,10.7,14.4,1.8
2019-07-18,10.4,14.7,0.4
2019-07-19,7.8,17.9,0.0
2019-07-20,10.5,19.6,0.2
2019-07-21,9.3,15.9,0.0
2019-07-22,9.3,18.4,0.0
2019-07-23,10.8,15.7,5.6
2019-07-24,8.9,16.0,4.2
2019-07-25,10.7,16.8,0.0
2019-07-26,12.3,16.1,0.0
2019-07-27,7.2,15.5,0.0
2019-07-28,9.0,19.3,0.0
2019-07-29,10.9,16.6,5.2
2019-07-30,4.6,14.8,0.0
2019-07-31,8.4,12.6,0.0
2019-08-01,9.4,14.5,0.0
2019-08-02,5.7,13.9,0.2
2019-08-03,8.0,13.9,0.0
2019-08-04,7.1,16.1,0.0
2019-08-05,8.7,19.7,0.0
2019-08-06,11.5,19.3,0.0
2019-08-07,6.7,14.1,1.4
2019-08-08,8.8,12.7,9.0
2019-08-09,7.9,12.6,10.8
2019-08-10,5.8,12.7,3.2
2019-08-11,9.0,13.1,3.6
2019-08-12,3.9,12.1,0.2
2019-08-13,2.5,14.2,0.2
2019-08-14,7.3,17.2,0.0
2019-08-15,11.4,20.2,0.0
2019-08-16,12.6,15.4,0.0
2019-08-17,6.8,18.6,0.0
2019-08-18,10.1,12.3,2.0
2019-08-19,7.1,13.5,10.4
2019-08-20,9.6,14.6,0.4
2019-08-21,11.6,15.9,0.4
2019-08-22,10.8,14.2,0.0
2019-08-23,7.1,18.7,0.0
2019-08-24,11.7,16.1,0.0
2019-08-25,4.2,13.7,0.0
2019-08-26,3.3,14.0,0.0
2019-08-27,4.6,15.5,0.0
2019-08-28,7.4,14.6,0.0
2019-08-29,2.6,15.3,0.2
2019-08-30,4.5,18.1,0.0
2019-08-31,11.4,22.1,0.0
2019-09-01,10.7,17.6,5.0
2019-09-02,5.3,23.9,0.0
2019-09-03,7.1,18.5,0.0
2019-09-04,9.7,18.2,2.2
2019-09-05,11.1,17.7,2.8
2019-09-06,9.4,14.6,2.8
2019-09-07,8.7,14.8,3.0
2019-09-08,9.9,15.9,3.2
2019-09-09,6.0,14.9,2.4
2019-09-10,3.4,17.9,0.0
2019-09-11,8.6,24.0,0.0
2019-09-12,15.2,19.4,0.0
2019-09-13,7.0,17.4,0.0
2019-09-14,8.2,26.8,0.0
2019-09-15,17.0,27.9,0.0
2019-09-16,10.2,15.5,1.2
2019-09-17,4.5,16.0,0.0
2019-09-18,8.0,21.7,0.0
2019-09-19,14.9,28.9,0.0
2019-09-20,14.7,19.6,0.0
2019-09-21,9.3,15.4,14.8
2019-09-22,7.7,15.7,3.6
2019-09-23,9.0,15.6,3.2
2019-09-24,6.2,16.0,0.2
2019-09-25,5.0,19.7,0.0
2019-09-26,9.3,24.7,0.0
2019-09-27,12.7,18.9,0.0
2019-09-28,4.9,16.3,0.0
2019-09-29,5.7,18.4,0.0
2019-09-30,9.2,21.5,0.0
2019-10-01,13.1,28.6,0.0
2019-10-02,20.7,27.4,0.0
2019-10-03,12.8,19.8,0.0
2019-10-04,12.6,31.8,0.0
2019-10-05,15.6,33.8,0.0
2019-10-06,15.8,17.3,0.0
2019-10-07,11.9,17.0,0.2
2019-10-08,8.5,16.8,1.0
2019-10-09,7.8,17.5,0.0
2019-10-10,6.4,21.5,0.0
2019-10-11,9.1,21.8,0.0
2019-10-12,10.3,25.6,0.0
2019-10-13,17.5,23.9,0.0
2019-10-14,13.1,19.1,3.0
2019-10-15,6.9,18.9,0.0
2019-10-16,12.6,17.7,5.8
2019-10-17,9.8,17.2,2.6
2019-10-18,7.5,20.6,0.0
2019-10-19,9.4,16.8,1.0
2019-10-20,6.8,18.3,0.2
2019-10-21,7.8,24.8,0.0
2019-10-22,10.9,29.200000000000003,0.0
2019-10-23,15.1,33.6,0.0
2019-10-24,20.3,36.6,0.0
2019-10-25,14.4,19.7,0.0
2019-10-26,11.7,18.4,1.8
2019-10-27,12.0,19.5,0.0
2019-10-28,8.1,25.4,0.0
2019-10-29,14.2,32.7,0.0
2019-10-30,14.8,35.5,0.0
2019-10-31,23.6,37.2,0.0
2019-11-01,25.2,29.6,0.0
2019-11-02,15.7,23.3,10.4
2019-11-03,13.1,19.6,5.8
2019-11-04,12.6,18.7,1.0
2019-11-05,9.4,23.4,0.0
2019-11-06,12.2,20.4,0.0
2019-11-07,12.3,19.7,0.0
2019-11-08,11.1,17.0,4.0
2019-11-09,9.3,17.5,0.8
2019-11-10,12.9,23.5,0.0
2019-11-11,13.1,32.6,0.0
2019-11-12,12.9,17.7,0.0
2019-11-13,12.5,19.5,0.0
2019-11-14,12.7,19.6,0.2
2019-11-15,13.8,19.3,0.0
2019-11-16,7.4,19.2,0.0
2019-11-17,8.2,21.6,0.0
2019-11-18,11.4,32.6,0.0
2019-11-19,14.2,34.0,0.0
2019-11-20,21.2,41.6,0.0
2019-11-21,16.9,21.9,0.0
2019-11-22,10.2,21.8,0.0
2019-11-23,10.5,21.9,0.0
2019-11-24,9.0,27.5,0.0
2019-11-25,14.7,27.7,0.0
2019-11-26,12.3,19.2,0.0
2019-11-27,8.7,25.4,0.0
2019-11-28,9.1,25.2,0.0
2019-11-29,10.8,19.0,0.0
2019-11-30,9.3,19.0,1.0
2019-12-01,11.3,17.7,2.4
2019-12-02,11.6,19.7,6.0
2019-12-03,13.0,20.5,0.2
2019-12-04,14.2,23.0,0.0
2019-12-05,13.2,24.0,0.0
2019-12-06,10.7,21.9,0.0
2019-12-07,8.6,27.0,0.0
2019-12-08,14.8,38.9,0.0
2019-12-09,20.7,24.7,0.0
2019-12-10,13.9,26.5,0.0
2019-12-11,10.8,26.3,0.0
2019-12-12,14.3,23.3,0.0
2019-12-13,12.7,20.9,0.0
2019-12-14,13.7,23.2,0.0
2019-12-15,12.4,30.2,0.0
2019-12-16,14.8,34.1,0.0
2019-12-17,19.6,42.1,0.0
2019-12-18,28.6,43.7,0.0
2019-12-19,21.3,45.3,0.0
2019-12-20,33.6,43.9,0.0
2019-12-21,17.1,24.7,0.0
2019-12-22,12.6,27.8,0.0
2019-12-23,17.3,33.4,0.0
2019-12-24,14.7,31.5,0.0
2019-12-25,18.1,35.5,0.0
2019-12-26,16.5,35.2,0.0
2019-12-27,23.1,42.1,0.0
2019-12-28,23.7,37.8,0.0
2019-12-29,21.6,38.4,0.2
2019-12-30,26.5,41.9,0.0
2019-12-31,14.8,24.4,0.0
2020-01-01,11.8,25.3,0.0
2020-01-02,13.6,31.8,0.0
2020-01-03,21.2,40.6,0.0
2020-01-04,19.8,24.6,0.0
2020-01-05,11.5,17.8,3.8
2020-01-06,13.3,27.5,1.0
2020-01-07,14.7,32.3,0.0
2020-01-08,22.3,35.3,0.0
2020-01-09,22.6,42.1,0.0
2020-01-10,22.6,22.6,0.0
2020-01-11,12.7,25.1,1.8
2020-01-12,11.9,30.2,0.0
2020-01-13,16.1,34.1,0.0
2020-01-14,18.2,32.5,0.0
2020-01-15,17.4,26.5,0.0
2020-01-16,16.2,23.6,0.0
2020-01-17,12.3,24.0,0.0
2020-01-18,12.7,26.1,0.0
2020-01-19,16.0,22.2,0.0
2020-01-20,15.1,20.1,13.6
2020-01-21,15.4,27.4,0.0
2020-01-22,17.2,25.9,0.0
2020-01-23,14.1,20.9,5.8
2020-01-24,16.0,23.7,0.2
2020-01-25,16.1,25.7,0.0
2020-01-26,15.9,26.6,0.0
2020-01-27,15.0,27.1,0.0
2020-01-28,12.7,30.8,0.0
2020-01-29,15.1,38.8,0.0
2020-01-30,23.1,43.3,0.0
2020-01-31,29.0,35.6,0.0
2020-02-01,20.9,22.0,28.0
2020-02-02,16.7,23.1,3.0
2020-02-03,15.8,21.8,0.0
2020-02-04,13.5,25.1,0.0
2020-02-05,13.2,27.5,0.0
2020-02-06,14.0,32.1,0.0
2020-02-07,19.5,28.8,0.0
2020-02-08,22.5,32.9,0.0
2020-02-09,23.2,32.2,0.0
2020-02-10,20.1,30.9,0.0
2020-02-11,17.9,27.1,0.0
2020-02-12,17.7,25.4,0.0
2020-02-13,17.3,28.5,0.0
2020-02-14,19.3,23.4,0.0
2020-02-15,17.2,23.4,0.0
2020-02-16,13.5,26.4,0.0
2020-02-17,12.7,28.2,0.0
2020-02-18,17.7,23.0,0.0
2020-02-19,15.2,22.8,0.0
2020-02-20,11.8,22.9,0.0
2020-02-21,13.1,24.3,0.0
2020-02-22,13.4,26.9,0.0
2020-02-23,13.7,32.6,0.0
2020-02-24,20.1,32.9,0.0
2020-02-25,17.4,26.3,0.0
2020-02-26,16.4,24.0,0.0
2020-02-27,12.0,21.5,0.0
2020-02-28,15.4,22.9,0.0
2020-02-29,12.5,26.6,0.0
2020-03-01,15.5,28.9,0.0
2020-03-02,14.2,22.0,2.0
2020-03-03,13.2,20.3,0.0
2020-03-04,14.1,26.3,1.4
2020-03-05,13.9,21.2,0.0
2020-03-06,15.1,23.5,0.0
2020-03-07,14.4,25.5,0.0
2020-03-08,14.9,25.9,0.0
2020-03-09,15.4,25.7,0.0
2020-03-10,14.5,29.8,0.0
2020-03-11,16.3,32.7,0.0
2020-03-12,22.7,32.0,0.0
2020-03-13,19.3,22.7,0.0
2020-03-14,11.7,20.9,0.0
2020-03-15,10.0,24.1,0.0
2020-03-16,13.0,29.0,0.0
2020-03-17,19.0,32.6,0.0
2020-03-18,22.5,34.1,0.0
2020-03-19,25.6,32.3,0.0
2020-03-20,16.6,22.8,0.0
2020-03-21,11.1,22.6,0.0
2020-03-22,13.2,22.6,0.0
2020-03-23,12.8,23.2,0.0
2020-03-24,14.6,19.7,0.0
2020-03-25,13.0,21.7,0.0
2020-03-26,10.4,22.5,0.0
2020-03-27,10.0,27.9,0.0
2020-03-28,14.9,30.5,0.0
2020-03-29,18.5,23.9,0.4
2020-03-30,16.1,22.9,0.0
2020-03-31,12.8,23.1,0.0
2020-04-01,16.6,22.7,0.0
2020-04-02,11.5,25.4,0.0
2020-04-03,14.2,24.8,0.0
2020-04-04,12.7,18.3,21.4
2020-04-05,13.4,20.3,1.2
2020-04-06,11.4,20.6,1.8
2020-04-07,14.3,20.5,0.2
2020-04-08,11.2,20.8,0.0
2020-04-09,9.7,20.8,0.0
2020-04-10,12.5,22.8,0.0
2020-04-11,15.3,20.1,0.0
2020-04-12,9.5,18.6,0.0
2020-04-13,7.9,23.5,0.0
2020-04-14,14.3,29.5,0.0
2020-04-15,18.4,28.6,0.0
2020-04-16,16.0,20.1,0.0
2020-04-17,13.7,20.6,0.0
2020-04-18,11.9,18.9,2.0
2020-04-19,10.4,22.1,4.4
2020-04-20,13.8,19.6,0.2
2020-04-21,12.6,23.7,0.0
2020-04-22,12.3,22.8,0.0
2020-04-23,13.3,20.4,0.0
2020-04-24,12.7,21.7,9.4
2020-04-25,12.9,24.0,0.0
2020-04-26,15.8,19.4,28.2
2020-04-27,11.1,20.1,0.0
2020-04-28,13.8,20.2,0.0
2020-04-29,11.5,16.5,11.0
2020-04-30,8.5,15.1,12.8
2020-05-01,10.7,17.3,5.0
2020-05-02,12.8,18.0,4.0
2020-05-03,9.8,15.7,0.2
2020-05-04,10.0,18.0,0.0
2020-05-05,9.0,19.8,0.0
2020-05-06,11.9,20.6,0.0
2020-05-07,15.0,20.8,0.0
2020-05-08,12.2,19.0,3.8
2020-05-09,9.8,15.9,16.8
2020-05-10,8.5,16.3,0.2
2020-05-11,8.5,17.6,1.4
2020-05-12,10.6,19.1,0.0
2020-05-13,7.4,15.2,0.4
2020-05-14,9.7,15.1,0.0
2020-05-15,6.9,16.4,0.0
2020-05-16,4.3,18.5,0.0
2020-05-17,5.3,20.7,0.0
2020-05-18,10.7,21.6,0.0
2020-05-19,14.8,22.2,0.0
2020-05-20,11.7,15.4,2.8
2020-05-21,5.9,14.4,7.8
2020-05-22,9.5,15.9,4.8
2020-05-23,9.6,16.4,1.8
2020-05-24,10.3,14.0,0.2
2020-05-25,4.5,14.7,0.0
2020-05-26,8.5,16.6,0.0
2020-05-27,10.8,17.4,0.0
2020-05-28,10.2,17.0,0.6
2020-05-29,7.8,19.3,0.0
2020-05-30,12.5,19.5,0.0
2020-05-31,10.4,14.9,2.8
2020-06-01,9.6,14.5,12.0
2020-06-02,9.8,16.7,0.4
2020-06-03,11.6,15.8,1.0
2020-06-04,3.6,16.4,0.0
2020-06-05,3.7,16.1,0.2
2020-06-06,4.9,14.4,0.0
2020-06-07,4.2,13.3,0.0
2020-06-08,1.7,14.3,0.0
2020-06-09,1.7,14.7,0.0
2020-06-10,0.9,15.1,0.0
2020-06-11,1.3,17.4,0.0
2020-06-12,6.8,20.0,0.0
2020-06-13,12.6,15.8,0.6
2020-06-14,8.7,15.3,6.8
2020-06-15,9.6,17.9,6.8
2020-06-16,12.5,16.4,1.0
2020-06-17,9.2,17.1,3.8
2020-06-18,11.9,18.8,0.0
2020-06-19,13.0,16.4,0.0
2020-06-20,9.7,14.8,1.8
2020-06-21,9.6,14.6,14.6
2020-06-22,8.6,14.5,13.0
2020-06-23,11.0,13.8,5.8
2020-06-24,10.4,14.6,3.0
2020-06-25,8.9,16.7,0.0
2020-06-26,8.4,15.9,0.2
2020-06-27,5.2,16.9,0.0
2020-06-28,5.1,16.7,0.0
2020-06-29,4.2,14.7,0.0
2020-06-30,8.6,15.8,0.0
2020-07-01,10.3,20.2,0.0
2020-07-02,9.7,14.2,6.2
2020-07-03,9.2,13.9,3.0
2020-07-04,7.9,15.2,1.6
2020-07-05,9.1,15.2,0.0
2020-07-06,7.8,14.9,0.0
2020-07-07,8.3,12.8,0.0
2020-07-08,6.0,15.1,0.0
2020-07-09,5.9,15.7,0.0
2020-07-10,9.5,15.4,0.0
2020-07-11,7.6,13.8,1.6
2020-07-12,7.2,16.0,2.6
2020-07-13,4.1,14.8,0.2
2020-07-14,4.4,12.2,0.0
2020-07-15,4.9,16.6,0.2
2020-07-16,5.0,17.7,0.0
2020-07-17,7.5,16.95,0.0
2020-07-18,12.2,16.2,0.0
2020-07-19,9.1,15.2,0.8
2020-07-20,5.5,14.0,0.2
2020-07-21,3.3,13.7,0.6
2020-07-22,4.4,12.4,0.0
2020-07-23,3.3,15.3,0.0
2020-07-24,8.8,18.7,0.0
2020-07-25,5.9,17.2,0.0
2020-07-26,4.9,17.0,0.0
2020-07-27,7.6,15.9,0.8
2020-07-28,1.5,13.1,0.0
2020-07-29,2.8,16.9,0.2
2020-07-30,7.1,15.1,0.0
2020-07-31,5.4,17.65,0.0
2020-08-01,10.7,20.2,0.0
2020-08-02,7.2,20.1,0.0
2020-08-03,6.2,15.2,0.0
2020-08-04,5.8,13.9,0.0
2020-08-05,0.8,14.4,0.0
2020-08-06,5.5,13.3,0.0
2020-08-07,7.8,10.3,0.2
2020-08-08,7.3,13.5,1.4
2020-08-09,6.9,15.4,0.0
2020-08-10,5.2,17.3,0.0
2020-08-11,11.5,14.3,0.0
2020-08-12,11.1,17.2,8.8
2020-08-13,11.4,17.2,0.0
2020-08-14,10.4,17.0,0.2
2020-08-15,10.4,15.6,2.2
2020-08-16,8.0,15.7,0.2
2020-08-17,9.1,17.5,0.0
2020-08-18,8.9,16.2,0.6
2020-08-19,9.5,15.3,9.2
2020-08-20,9.5,14.7,3.0
2020-08-21,8.9,12.8,5.6
2020-08-22,7.9,13.7,3.4
2020-08-23,8.8,13.7,0.4
2020-08-24,5.7,13.6,0.2
2020-08-25,2.3,15.5,0.0
2020-08-26,7.8,20.3,0.0
2020-08-27,10.8,18.2,0.0
2020-08-28,9.9,19.1,0.0
2020-08-29,11.0,24.5,0.0
2020-08-30,12.5,15.7,0.0
2020-08-31,8.8,15.1,0.4
2020-09-01,7.4,19.5,0.0
2020-09-02,13.6,19.4,0.0
2020-09-03,9.7,17.5,1.0
2020-09-04,8.9,18.0,0.0
2020-09-05,11.0,18.6,5.4
2020-09-06,8.4,24.7,0.0
2020-09-07,18.3,29.0,0.0
2020-09-08,15.4,17.8,0.0
2020-09-09,9.8,19.6,0.0
2020-09-10,10.3,23.5,0.0
2020-09-11,16.1,29.3,0.0
2020-09-12,14.9,24.3,0.0
2020-09-13,9.6,16.1,9.2
2020-09-14,9.2,17.0,0.0
2020-09-15,6.0,20.4,0.0
2020-09-16,10.3,26.6,0.0
2020-09-17,15.8,22.4,0.0
2020-09-18,15.7,27.1,0.0
2020-09-19,18.5,25.0,0.0
2020-09-20,14.1,28.1,0.0
2020-09-21,10.0,19.3,0.6
2020-09-22,9.4,15.8,11.0
2020-09-23,10.3,15.8,4.4
2020-09-24,9.6,15.4,0.4
2020-09-25,6.8,14.3,5.4
2020-09-26,5.9,14.7,4.4
2020-09-27,4.8,18.0,0.2
2020-09-28,11.7,21.5,0.0
2020-09-29,15.8,20.0,0.0
2020-09-30,12.2,16.6,15.6
2020-10-01,6.8,24.5,1.2
2020-10-02,13.4,31.3,0.0
2020-10-03,23.9,29.4,0.0
2020-10-04,18.4,24.3,0.0
2020-10-05,8.1,16.3,22.6
2020-10-06,9.4,16.9,0.4
2020-10-07,9.0,14.1,3.2
2020-10-08,9.3,16.1,16.2
2020-10-09,11.3,20.4,0.4
2020-10-10,12.6,21.2,0.0
2020-10-11,7.3,24.0,0.0
2020-10-12,14.6,28.7,0.0
2020-10-13,13.0,25.4,0.0
2020-10-14,13.1,32.0,0.0
2020-10-15,20.8,26.8,0.0
2020-10-16,15.2,20.2,0.0
2020-10-17,11.9,18.2,2.8
2020-10-18,11.3,17.7,0.0
2020-10-19,5.7,18.9,0.0
2020-10-20,8.5,24.1,0.0
2020-10-21,11.7,24.9,0.0
2020-10-22,12.9,26.2,0.0
2020-10-23,17.6,22.6,1.8
2020-10-24,12.4,17.7,0.0
2020-10-25,8.1,16.4,0.0
2020-10-26,7.9,19.6,0.0
2020-10-27,11.4,21.4,0.0
2020-10-28,7.7,23.3,0.2
2020-10-29,12.9,20.9,0.0
2020-10-30,12.6,18.6,1.2
2020-10-31,13.0,18.2,0.0
2020-11-01,7.0,25.9,0.0
2020-11-02,15.6,31.9,0.0
2020-11-03,21.8,35.5,0.0
2020-11-04,13.8,19.3,0.6
2020-11-05,7.6,19.2,0.2
2020-11-06,8.8,18.1,0.0
2020-11-07,10.7,23.2,0.0
2020-11-08,12.7,28.0,0.0
2020-11-09,18.4,33.6,0.0
2020-11-10,22.5,38.5,0.0
2020-11-11,15.0,25.4,4.8
2020-11-12,14.8,19.1,0.0
2020-11-13,12.7,19.8,1.2
2020-11-14,11.5,30.1,0.0
2020-11-15,16.2,38.1,0.0
2020-11-16,15.1,21.4,0.2
2020-11-17,9.3,25.8,0.0
2020-11-18,14.4,33.4,0.0
2020-11-19,23.5,35.4,0.0
2020-11-20,12.1,29.7,0.0
2020-11-21,18.0,38.9,0.0
2020-11-22,24.4,30.4,0.2
2020-11-23,15.5,22.9,4.4
2020-11-24,11.3,23.3,0.0
2020-11-25,13.9,34.5,0.0
2020-11-26,15.4,33.0,0.0
2020-11-27,19.4,40.6,0.0
2020-11-28,22.4,33.3,0.0
2020-11-29,13.8,23.5,2.2
2020-11-30,12.0,32.1,0.0
2020-12-01,16.9,20.7,4.8
2020-12-02,12.9,22.1,0.0
2020-12-03,9.9,28.8,0.0
2020-12-04,11.4,34.1,0.0
2020-12-05,20.9,24.1,0.0
2020-12-06,13.3,21.3,0.6
2020-12-07,12.0,18.0,5.2
2020-12-08,12.2,19.8,2.4
2020-12-09,9.6,27.5,0.0
2020-12-10,12.8,25.7,0.0
2020-12-11,11.6,29.9,0.0
2020-12-12,17.1,35.5,0.0
2020-12-13,25.3,30.9,0.0
2020-12-14,25.2,37.3,0.0
2020-12-15,20.3,30.4,0.0
2020-12-16,16.8,27.2,0.0
2020-12-17,15.7,21.1,0.0
2020-12-18,11.7,20.9,0.0
2020-12-19,10.7,24.6,0.0
2020-12-20,11.5,29.7,0.0
2020-12-21,16.3,21.3,1.0
2020-12-22,11.2,21.6,4.8
2020-12-23,12.1,22.2,0.0
2020-12-24,10.9,26.7,0.0
2020-12-25,13.6,29.6,0.0
2020-12-26,13.7,35.5,0.0
2020-12-27,23.1,26.0,0.0
2020-12-28,9.2,20.9,0.0
2020-12-29,10.1,22.8,0.0
2020-12-30,12.9,29.3,0.0
2020-12-31,15.3,29.3,0.0
2021-01-01,15.0,30.7,0.0
2021-01-02,18.0,25.3,0.0
2021-01-03,17.1,26.1,0.0
2021-01-04,16.7,21.4,0.0
2021-01-05,13.8,22.4,0.0
2021-01-06,14.6,23.6,0.0
2021-01-07,14.1,27.4,0.0
2021-01-08,17.1,33.3,0.0
2021-01-09,19.7,34.8,0.0
2021-01-10,22.3,37.3,0.0
2021-01-11,27.5,38.3,0.0
2021-01-12,15.6,31.2,0.0
2021-01-13,15.4,28.3,0.0
2021-01-14,12.2,22.7,0.4
2021-01-15,14.2,21.3,0.2
2021-01-16,14.3,22.2,0.0
2021-01-17,13.8,23.8,0.0
2021-01-18,13.0,25.0,0.0
2021-01-19,13.0,28.6,0.0
2021-01-20,15.4,31.6,0.0
2021-01-21,15.1,34.1,0.0
2021-01-22,15.1,31.4,0.0
2021-01-23,16.6,39.0,0.0
2021-01-24,27.0,42.7,0.0
2021-01-25,24.0,34.0,0.2
2021-01-26,18.0,24.1,29.8
2021-01-27,15.3,27.5,0.0
2021-01-28,17.5,30.6,0.0
2021-01-29,18.0,25.5,0.0
2021-01-30,15.7,25.5,0.0
2021-01-31,12.8,27.4,0.0
2021-02-01,17.6,25.6,0.0
2021-02-02,13.2,24.5,0.0
2021-02-03,13.0,28.6,0.0
2021-02-04,18.3,24.6,0.0
2021-02-05,12.8,19.4,15.6
2021-02-06,15.1,20.4,8.6
2021-02-07,15.6,21.2,1.6
2021-02-08,13.0,25.7,0.8
2021-02-09,16.3,30.5,0.0
2021-02-10,15.7,35.0,0.0
2021-02-11,21.0,35.4,0.0
2021-02-12,16.0,22.6,0.0
2021-02-13,14.5,23.5,0.0
2021-02-14,12.3,26.3,0.0
2021-02-15,13.3,30.5,0.0
2021-02-16,17.6,34.8,0.0
2021-02-17,22.4,37.9,0.0
2021-02-18,26.9,36.9,0.0
2021-02-19,26.6,36.7,0.0
2021-02-20,18.6,30.6,0.0
2021-02-21,15.1,22.9,0.0
2021-02-22,16.1,23.9,0.0
2021-02-23,12.6,22.5,0.0
2021-02-24,13.6,22.2,0.0
2021-02-25,10.7,21.5,0.0
2021-02-26,14.1,23.9,0.0
2021-02-27,11.9,25.9,0.0
2021-02-28,13.2,25.7,0.0
2021-03-01,13.4,26.3,0.0
2021-03-02,12.4,24.6,0.0
2021-03-03,13.7,25.8,0.0
2021-03-04,9.7,24.7,0.0
2021-03-05,11.6,27.6,0.0
2021-03-06,12.1,28.3,0.0
2021-03-07,17.2,28.5,0.2
2021-03-08,16.5,26.4,0.0
2021-03-09,11.9,26.6,0.0
2021-03-10,15.8,26.4,0.0
2021-03-11,14.5,26.7,2.8
2021-03-12,14.3,32.5,0.2
2021-03-13,17.9,20.8,1.6
2021-03-14,9.7,20.6,6.8
2021-03-15,9.4,21.7,3.4
2021-03-16,14.4,23.7,0.0
2021-03-17,13.7,27.3,0.0
2021-03-18,18.2,30.7,0.0
2021-03-19,18.7,30.9,0.0
2021-03-20,20.3,32.6,0.0
2021-03-21,21.0,30.4,0.0
2021-03-22,16.7,28.9,0.0
2021-03-23,13.7,23.9,0.0
2021-03-24,17.0,22.8,0.0
2021-03-25,16.1,22.0,0.0
2021-03-26,13.3,22.9,0.0
2021-03-27,13.5,21.3,0.4
2021-03-28,12.3,21.6,1.2
2021-03-29,10.7,23.9,0.0
2021-03-30,13.5,27.1,0.0
2021-03-31,13.5,28.0,0.0
2021-04-01,13.9,32.3,0.0
2021-04-02,15.4,33.4,0.0
2021-04-03,17.3,33.7,0.0
2021-04-04,15.8,29.9,0.0
2021-04-05,12.9,25.7,0.0
2021-04-06,11.1,28.3,0.0
2021-04-07,11.4,30.4,0.0
2021-04-08,13.0,32.5,0.3
2021-04-09,14.2,22.4,0.6
2021-04-10,14.0,19.6,0.6
2021-04-11,12.0,19.3,0.8
2021-04-12,7.8,21.4,0.0
2021-04-13,14.3,23.5,0.0
2021-04-14,15.3,21.0,1.2
2021-04-15,13.7,20.6,3.2
2021-04-16,9.0,20.1,0.0
2021-04-17,10.2,19.6,0.0
2021-04-18,13.8,20.2,0.0
2021-04-19,12.2,20.5,1.2
2021-04-20,11.0,18.4,0.2
2021-04-21,6.4,17.1,2.8
2021-04-22,10.1,19.4,2.2
2021-04-23,12.8,18.7,4.0
2021-04-24,11.9,20.0,0.0
2021-04-25,8.6,20.2,0.0
2021-04-26,7.9,20.5,0.0
2021-04-27,8.3,21.2,0.0
2021-04-28,8.2,20.7,0.0
2021-04-29,8.0,22.7,0.0
2021-04-30,9.6,26.8,0.0
2021-05-01,16.8,29.0,0.0
2021-05-02,13.6,21.1,0.0
2021-05-03,10.7,20.3,0.0
2021-05-04,8.9,17.6,0.0
2021-05-05,7.2,19.6,0.0
2021-05-06,8.7,21.9,0.0
2021-05-07,14.8,22.4,0.0
2021-05-08,11.8,19.6,0.0
2021-05-09,12.1,19.3,2.0
2021-05-10,12.5,17.1,7.0
2021-05-11,10.5,16.6,0.8
2021-05-12,5.1,17.2,0.0
2021-05-13,9.1,16.5,0.0
2021-05-14,11.0,17.0,9.8
2021-05-15,11.5,16.6,2.2
2021-05-16,11.8,17.6,0.0
2021-05-17,12.7,18.0,0.0
2021-05-18,6.7,19.0,0.0
2021-05-19,10.6,19.9,0.0
2021-05-20,12.8,21.9,0.0
2021-05-21,7.6,24.9,0.0
2021-05-22,14.1,23.7,0.0
2021-05-23,13.0,24.8,0.0
2021-05-24,18.1,25.4,0.0
2021-05-25,13.3,17.2,13.8
2021-05-26,11.4,16.7,1.0
2021-05-27,9.5,17.9,1.4
2021-05-28,8.7,17.4,0.0
2021-05-29,6.4,16.8,0.0
2021-05-30,3.5,17.7,0.0
2021-05-31,7.4,15.9,0.0
2021-06-01,11.8,21.2,0.0
2021-06-02,13.2,21.9,0.6
2021-06-03,7.8,17.7,0.0
2021-06-04,11.9,17.1,1.2
2021-06-05,7.9,16.8,0.2
2021-06-06,10.6,19.8,0.0
2021-06-07,12.7,20.7,0.0
2021-06-08,6.6,12.6,13.0
2021-06-09,4.9,14.3,5.2
2021-06-10,8.7,14.4,0.0
2021-06-11,11.9,16.6,0.0
2021-06-12,12.1,15.0,0.0
2021-06-13,8.9,18.7,0.0
2021-06-14,12.3,20.5,0.0
2021-06-15,13.6,18.8,0.0
2021-06-16,9.3,14.3,13.6
2021-06-17,9.7,16.3,0.0
2021-06-18,9.2,15.8,46.0
2021-06-19,6.8,15.1,0.0
2021-06-20,7.4,15.8,0.8
2021-06-21,6.7,16.3,0.2
2021-06-22,10.7,16.4,0.0
2021-06-23,11.8,14.8,2.2
2021-06-24,9.7,15.6,5.0
2021-06-25,10.5,14.1,2.0
2021-06-26,9.1,13.5,4.0
2021-06-27,11.0,15.5,7.6
2021-06-28,7.5,17.3,4.8
2021-06-29,8.4,16.7,0.0
2021-06-30,7.3,17.6,0.0
2021-07-01,10.4,15.5,0.0
2021-07-02,8.3,12.8,7.0
2021-07-03,7.0,13.3,6.4
2021-07-04,7.5,14.2,1.4
2021-07-05,5.8,13.8,0.6
2021-07-06,8.2,15.8,0.0
2021-07-07,8.9,16.5,0.0
2021-07-08,10.0,16.2,0.0
2021-07-09,6.4,14.3,0.0
2021-07-10,5.4,17.1,0.8
2021-07-11,7.4,16.3,0.0
2021-07-12,8.9,15.2,0.0
2021-07-13,10.2,17.4,0.4
2021-07-14,10.4,18.3,10.2
2021-07-15,10.6,18.0,0.2
2021-07-16,9.3,15.1,8.2
2021-07-17,6.9,14.1,14.2
2021-07-18,7.1,13.8,1.4
2021-07-19,7.5,15.0,0.0
2021-07-20,8.5,13.7,7.4
2021-07-21,4.2,12.8,1.0
2021-07-22,6.1,9.1,4.2666666666666675
2021-07-23,6.0,14.6,7.533333333333334
2021-07-24,8.6,12.8,10.8
2021-07-25,7.0,14.2,12.4
2021-07-26,8.8,16.9,4.2
2021-07-27,10.7,19.2,0.0
2021-07-28,11.7,15.3,2.8
2021-07-29,6.8,16.1,3.0
2021-07-30,9.7,19.8,0.0
2021-07-31,12.3,14.9,0.0
2021-08-01,8.4,15.1,12.2
2021-08-02,9.7,14.9,0.2
2021-08-03,7.8,13.9,8.0
2021-08-04,9.7,15.4,1.2
2021-08-05,10.1,14.8,0.4
2021-08-06,11.1,15.8,1.2
2021-08-07,10.4,15.7,0.4
2021-08-08,8.5,16.7,0.2
2021-08-09,10.2,18.8,0.0
2021-08-10,13.0,20.2,0.0
2021-08-11,12.3,15.1,2.4
2021-08-12,9.1,16.3,6.0
2021-08-13,9.0,16.9,0.4
2021-08-14,5.9,17.8,0.0
2021-08-15,7.6,17.8,0.0
2021-08-16,10.7,15.8,0.0
2021-08-17,8.4,15.4,0.2
2021-08-18,5.7,16.7,0.0
2021-08-19,8.3,21.0,0.0
2021-08-20,14.1,18.3,0.0
2021-08-21,8.9,18.0,0.0
2021-08-22,9.5,23.8,0.0
2021-08-23,7.7,13.9,4.6
2021-08-24,4.7,14.1,1.8
2021-08-25,4.6,14.2,0.2
2021-08-26,5.9,14.2,0.8
2021-08-27,1.9,17.2,0.0
2021-08-28,8.8,16.4,0.0
2021-08-29,7.3,15.9,5.4
2021-08-30,9.3,19.3,0.0
2021-08-31,12.2,22.2,0.0
2021-09-01,8.8,26.5,0.0
2021-09-02,17.9,31.2,0.0
2021-09-03,11.6,16.8,0.6
2021-09-04,7.7,14.6,4.2
2021-09-05,4.9,15.1,3.6
2021-09-06,9.1,16.6,2.2
2021-09-07,11.1,16.3,0.0
2021-09-08,6.2,22.7,0.0
2021-09-09,13.4,26.1,0.2
2021-09-10,8.6,27.9,0.0
2021-09-11,12.8,19.0,0.0
2021-09-12,10.4,13.9,1.2
2021-09-13,3.7,16.6,4.4
2021-09-14,4.5,15.9,0.2
2021-09-15,6.1,19.2,0.0
2021-09-16,7.6,23.8,0.0
2021-09-17,17.4,22.4,0.0
2021-09-18,11.3,17.1,0.0
2021-09-19,7.8,20.0,0.0
2021-09-20,10.6,14.6,3.4
2021-09-21,5.4,15.5,1.6
2021-09-22,9.8,15.7,0.8
2021-09-23,11.4,20.9,0.0
2021-09-24,7.7,16.5,0.0
2021-09-25,7.2,17.6,0.2
2021-09-26,9.1,19.6,0.2
2021-09-27,13.1,24.6,0.0
2021-09-28,18.5,24.0,0.0
2021-09-29,11.9,22.0,0.0
2021-09-30,10.9,15.5,3.2
2021-10-01,12.0,17.0,2.4
2021-10-02,10.9,23.0,0.2
2021-10-03,12.6,18.2,3.8
2021-10-04,11.1,16.3,1.4
2021-10-05,10.9,19.4,3.2
2021-10-06,9.0,25.7,0.0
2021-10-07,7.5,17.0,0.0
2021-10-08,6.7,23.0,0.0
2021-10-09,8.1,20.4,0.0
2021-10-10,6.7,18.0,0.0
2021-10-11,6.1,17.7,0.0
2021-10-12,10.5,23.8,0.0
2021-10-13,10.9,17.0,2.6
2021-10-14,9.6,16.8,3.4
2021-10-15,9.5,17.4,29.2
2021-10-16,12.3,16.7,14.6
2021-10-17,6.9,24.4,0.0
2021-10-18,12.8,24.8,0.0
2021-10-19,9.5,23.5,0.0
2021-10-20,14.7,25.3,0.0
2021-10-21,14.4,22.1,0.0
2021-10-22,10.0,22.8,0.0
2021-10-23,10.8,18.4,0.0
2021-10-24,8.7,20.8,0.0
2021-10-25,7.3,21.2,0.0
2021-10-26,13.5,29.5,0.0
2021-10-27,20.3,28.1,0.0
2021-10-28,13.3,27.1,4.0
2021-10-29,12.4,17.7,11.6
2021-10-30,6.5,17.6,0.0
2021-10-31,7.4,23.3,0.0
2021-11-01,12.3,27.6,0.0
2021-11-02,19.3,34.1,0.0
2021-11-03,17.8,21.7,0.8
2021-11-04,11.1,25.5,1.0
2021-11-05,12.5,30.6,0.0
2021-11-06,17.6,26.2,1.0
2021-11-07,13.2,19.7,0.8
2021-11-08,10.9,20.1,0.0
2021-11-09,9.0,21.2,0.0
2021-11-10,12.5,19.3,0.0
2021-11-11,10.6,14.1,0.0
2021-11-12,10.4,15.8,13.0
2021-11-13,8.7,17.5,1.6
2021-11-14,9.3,17.0,4.6
2021-11-15,11.8,18.0,0.0
2021-11-16,11.2,18.8,0.2
2021-11-17,10.5,27.2,0.0
2021-11-18,17.9,29.2,0.0
2021-11-19,14.2,18.6,0.0
2021-11-20,12.4,18.3,2.4
2021-11-21,11.0,22.3,0.0
2021-11-22,10.6,27.1,0.0
2021-11-23,17.8,27.2,0.4
2021-11-24,17.7,26.4,7.6
2021-11-25,16.7,22.1,0.2
2021-11-26,13.3,19.6,0.0
2021-11-27,13.4,24.6,0.0
2021-11-28,12.7,26.5,0.0
2021-11-29,10.8,30.2,0.0
2021-11-30,14.2,34.0,0.0
2021-12-01,19.1,32.0,0.0
2021-12-02,15.7,24.8,0.0
2021-12-03,11.9,21.9,0.0
2021-12-04,9.9,22.7,0.0
2021-12-05,12.1,25.2,0.0
2021-12-06,13.2,25.8,0.0
2021-12-07,13.0,20.4,0.6
2021-12-08,11.3,20.0,0.0
2021-12-09,11.2,20.4,0.0
2021-12-10,11.4,23.7,0.0
2021-12-11,11.3,28.0,0.0
2021-12-12,17.7,34.9,0.0
2021-12-13,16.9,20.5,0.0
2021-12-14,11.2,26.2,0.6
2021-12-15,15.1,28.8,0.2
2021-12-16,13.5,29.7,0.2
2021-12-17,15.2,38.6,0.0
2021-12-18,18.0,29.2,0.0
2021-12-19,17.2,21.7,0.2
2021-12-20,10.8,23.7,0.0
2021-12-21,12.8,24.7,0.0
2021-12-22,12.8,29.7,0.0
2021-12-23,12.4,30.0,0.0
2021-12-24,14.4,28.5,0.0
2021-12-25,14.9,26.8,0.0
2021-12-26,13.6,23.9,0.0
2021-12-27,12.0,24.1,0.0
2021-12-28,12.4,28.1,0.0
2021-12-29,17.5,34.4,0.0
2021-12-30,24.4,37.6,0.0
2021-12-31,21.0,39.3,0.0
2022-01-01,22.5,33.6,0.0
2022-01-02,19.3,30.6,0.0
2022-01-03,14.1,25.9,0.0
2022-01-04,14.2,24.4,0.0
2022-01-05,14.4,21.5,0.0
2022-01-06,15.8,22.3,0.0
2022-01-07,16.6,21.0,1.6
2022-01-08,16.0,24.4,1.6
2022-01-09,11.7,31.7,0.0
2022-01-10,19.8,37.0,0.0
2022-01-11,27.2,40.3,0.0
2022-01-12,19.2,28.9,0.0
2022-01-13,17.6,25.2,0.0
2022-01-14,17.8,23.8,0.0
2022-01-15,14.5,26.7,0.0
2022-01-16,16.9,28.6,0.0
2022-01-17,16.4,25.6,0.0
2022-01-18,15.1,25.0,0.0
2022-01-19,14.2,29.8,0.0
2022-01-20,18.9,35.1,0.0
2022-01-21,25.7,33.7,0.0
2022-01-22,22.8,26.3,0.6
2022-01-23,21.1,25.9,22.8
2022-01-24,20.5,30.1,17.0
2022-01-25,24.2,31.7,0.2
2022-01-26,21.8,34.1,0.0
2022-01-27,22.0,34.4,14.2
2022-01-28,21.7,26.8,0.2
2022-01-29,18.0,28.5,0.0
2022-01-30,17.4,32.8,0.0
2022-01-31,18.7,35.2,0.0
2022-02-01,17.8,24.1,0.0
2022-02-02,14.9,22.4,0.0
2022-02-03,12.4,23.7,0.0
2022-02-04,12.7,27.6,0.0
2022-02-05,16.8,30.9,0.0
2022-02-06,21.7,32.2,0.0
2022-02-07,24.2,33.7,0.0
2022-02-08,24.3,33.2,0.0
2022-02-09,16.9,24.8,3.6
2022-02-10,14.5,24.7,0.0
2022-02-11,14.9,27.6,0.0
2022-02-12,14.3,27.9,0.0
2022-02-13,16.7,34.8,0.0
2022-02-14,18.9,35.5,0.0
2022-02-15,16.7,31.9,0.0
2022-02-16,19.3,26.0,0.0
2022-02-17,15.3,23.6,1.6
2022-02-18,16.7,24.3,0.0
2022-02-19,12.8,24.1,0.0
2022-02-20,11.5,21.9,0.0
2022-02-21,15.5,21.5,0.0
2022-02-22,14.8,27.0,0.0
2022-02-23,15.2,32.7,0.0
2022-02-24,21.5,33.2,0.0
2022-02-25,16.3,30.1,0.0
2022-02-26,15.8,29.8,0.0
2022-02-27,16.3,27.6,0.0
2022-02-28,17.9,27.7,0.4
2022-03-01,16.6,27.0,5.4
2022-03-02,14.7,27.9,0.0
2022-03-03,19.0,33.3,0.0
2022-03-04,21.9,23.6,0.0
2022-03-05,14.8,24.4,1.2
2022-03-06,16.0,23.7,0.0
2022-03-07,15.0,24.4,0.0
2022-03-08,15.3,23.2,0.0
2022-03-09,13.6,24.9,0.0
2022-03-10,13.5,26.3,0.0
2022-03-11,11.6,26.2,0.0
2022-03-12,13.4,29.6,0.0
2022-03-13,16.6,33.2,0.0
2022-03-14,22.2,35.3,0.0
2022-03-15,21.3,34.4,0.0
2022-03-16,22.7,27.5,0.0
2022-03-17,17.0,29.1,10.4
2022-03-18,15.3,29.1,0.0
2022-03-19,16.7,33.7,0.0
2022-03-20,19.2,31.3,0.0
2022-03-21,15.9,29.7,0.0
2022-03-22,17.6,23.3,0.0
2022-03-23,13.5,23.0,0.8
2022-03-24,11.7,23.7,0.0
2022-03-25,11.7,23.7,0.0
2022-03-26,12.2,26.5,0.0
2022-03-27,16.9,31.8,0.0
2022-03-28,16.4,27.4,0.0
2022-03-29,12.5,24.0,0.0
2022-03-30,13.6,22.9,0.0
2022-03-31,14.6,21.0,0.0
2022-04-01,11.2,23.5,0.0
2022-04-02,12.3,22.6,0.0
2022-04-03,12.9,22.9,0.0
2022-04-04,10.5,24.1,0.0
2022-04-05,9.8,23.7,0.0
2022-04-06,14.7,22.0,5.2
2022-04-07,14.4,23.3,0.0
2022-04-08,13.7,27.0,0.0
2022-04-09,15.8,28.8,0.0
2022-04-10,19.4,31.0,0.0
2022-04-11,16.7,24.2,0.0
2022-04-12,15.7,23.3,0.0
2022-04-13,14.1,27.6,0.0
2022-04-14,17.4,24.6,0.0
2022-04-15,16.5,26.7,0.2
2022-04-16,13.9,29.5,0.0
2022-04-17,21.8,25.5,0.0
2022-04-18,15.8,19.5,0.4
2022-04-19,10.8,19.6,0.0
2022-04-20,13.4,21.1,0.6
2022-04-21,11.5,21.2,0.0
2022-04-22,14.6,19.7,0.0
2022-04-23,11.3,23.5,0.0
2022-04-24,16.2,27.0,0.0
2022-04-25,16.3,25.5,0.0
2022-04-26,17.9,21.7,0.2
2022-04-27,15.1,22.6,0.0
2022-04-28,17.6,28.7,0.0
2022-04-29,18.5,19.8,0.2
2022-04-30,14.9,19.7,1.4
2022-05-01,12.4,21.0,0.0
2022-05-02,11.8,22.9,0.2
2022-05-03,10.8,23.3,0.0
2022-05-04,12.4,16.8,5.8
2022-05-05,7.3,15.0,7.4
2022-05-06,5.9,15.8,6.0
2022-05-07,7.7,17.6,1.6
2022-05-08,11.2,17.3,1.4
2022-05-09,10.4,20.6,0.0
2022-05-10,6.3,19.7,0.0
2022-05-11,8.4,22.5,0.0
2022-05-12,10.6,18.5,0.0
2022-05-13,14.1,22.2,0.0
2022-05-14,16.7,22.0,0.2
2022-05-15,12.8,20.8,0.2
2022-05-16,12.2,17.0,3.2
2022-05-17,9.8,16.9,1.6
2022-05-18,11.6,17.3,1.6
2022-05-19,6.5,17.4,0.0
2022-05-20,5.2,17.5,0.0
2022-05-21,7.4,18.9,0.0
2022-05-22,8.6,22.0,0.0
2022-05-23,14.1,23.2,0.0
2022-05-24,13.4,21.3,0.0
2022-05-25,14.5,17.7,2.8
2022-05-26,13.0,18.1,6.4
2022-05-27,10.5,15.8,0.2
2022-05-28,9.9,16.8,2.2
2022-05-29,8.9,19.0,3.4
2022-05-30,11.1,15.8,35.0
2022-05-31,10.6,13.9,7.6
2022-06-01,7.5,15.2,1.8
2022-06-02,8.7,13.7,0.0
2022-06-03,10.0,14.1,0.0
2022-06-04,10.2,15.9,4.0
2022-06-05,9.6,12.7,43.0
2022-06-06,8.2,14.0,12.4
2022-06-07,9.8,14.8,7.4
2022-06-08,4.8,14.4,0.4
2022-06-09,8.6,15.4,0.0
2022-06-10,10.4,15.5,2.8
2022-06-11,9.7,14.5,0.6
2022-06-12,11.3,15.3,0.0
2022-06-13,10.6,15.9,0.0
2022-06-14,10.7,17.4,0.0
2022-06-15,11.9,16.2,4.4
2022-06-16,11.1,16.6,4.4
2022-06-17,12.1,16.0,0.4
2022-06-18,10.1,18.0,0.0
2022-06-19,12.9,16.1,0.0
2022-06-20,11.4,15.9,2.0
2022-06-21,8.6,15.8,3.8
2022-06-22,11.2,16.8,6.6
2022-06-23,11.3,18.8,0.0
2022-06-24,13.2,15.8,0.4
2022-06-25,9.0,16.5,0.2
2022-06-26,9.7,15.5,1.6
2022-06-27,4.0,14.9,0.2
2022-06-28,7.7,15.5,0.0
2022-06-29,8.4,14.3,0.0
2022-06-30,8.6,15.7,4.4
2022-07-01,7.2,13.2,0.2
2022-07-02,4.0,13.1,0.0
2022-07-03,4.3,13.3,0.0
2022-07-04,8.3,15.2,0.0
2022-07-05,5.8,16.9,0.0
2022-07-06,3.7,14.5,0.0
2022-07-07,7.7,14.9,2.8
2022-07-08,6.3,15.1,0.2
2022-07-09,6.0,13.8,2.2
2022-07-10,2.7,13.1,0.0
2022-07-11,8.5,13.7,0.2
2022-07-12,6.5,14.4,0.8
2022-07-13,4.1,14.2,3.2
2022-07-14,7.2,14.7,0.0
2022-07-15,6.5,14.8,0.0
2022-07-16,9.7,14.4,0.0
2022-07-17,10.8,15.3,15.8
2022-07-18,6.0,13.2,1.2
2022-07-19,3.9,11.2,0.0
2022-07-20,5.0,13.6,0.0
2022-07-21,7.2,18.0,0.2
2022-07-22,9.8,16.4,0.0
2022-07-23,13.0,17.5,0.0
2022-07-24,8.0,19.8,0.0
2022-07-25,12.2,15.5,2.8
2022-07-26,10.3,14.9,1.6
2022-07-27,8.4,15.4,0.0
2022-07-28,5.5,14.7,0.0
2022-07-29,3.9,16.4,0.4
2022-07-30,9.8,15.4,0.0
2022-07-31,10.7,14.4,0.6
2022-08-01,7.0,16.3,1.2
2022-08-02,8.8,15.8,0.0
2022-08-03,11.4,20.9,2.2
2022-08-04,11.9,17.8,0.2
2022-08-05,11.0,14.6,3.6
2022-08-06,10.6,14.9,6.0
2022-08-07,8.1,15.2,1.2
2022-08-08,6.2,16.0,0.2
2022-08-09,4.7,18.4,0.0
2022-08-10,11.2,14.9,1.0
2022-08-11,8.8,16.2,10.4
2022-08-12,11.0,14.9,5.6
2022-08-13,8.1,14.9,4.8
2022-08-14,8.3,15.6,12.4
2022-08-15,10.0,15.7,0.6
2022-08-16,7.0,16.1,0.8
2022-08-17,9.8,17.7,0.0
2022-08-18,11.8,17.0,1.8
2022-08-19,7.7,15.9,8.8
2022-08-20,11.9,15.8,0.2
2022-08-21,6.8,15.8,0.0
2022-08-22,9.5,13.3,0.0
2022-08-23,4.3,13.5,11.2
2022-08-24,7.2,15.3,3.4
2022-08-25,9.8,15.5,1.4
2022-08-26,5.5,17.4,0.2
2022-08-27,12.1,18.8,0.0
2022-08-28,13.9,22.3,0.0
2022-08-29,10.8,15.4,0.0
2022-08-30,10.0,14.2,5.6
2022-08-31,8.1,15.7,0.2
2022-09-01,3.9,15.5,0.0
2022-09-02,5.0,13.9,0.4
2022-09-03,4.4,15.8,0.0
2022-09-04,8.9,16.6,0.0
2022-09-05,9.0,17.1,0.0
2022-09-06,10.2,20.3,0.0
2022-09-07,12.4,18.9,0.0
2022-09-08,11.8,17.5,7.0
2022-09-09,12.0,15.9,11.2
2022-09-10,8.7,15.3,2.4
2022-09-11,7.4,15.2,0.0
2022-09-12,7.6,16.2,0.2
2022-09-13,6.9,20.4,0.0
2022-09-14,14.6,18.0,0.0
2022-09-15,8.5,19.6,5.0
2022-09-16,11.7,16.0,4.0
2022-09-17,10.5,15.9,2.0
2022-09-18,10.5,17.2,3.0
2022-09-19,9.9,19.8,1.2
2022-09-20,12.9,20.1,0.0
2022-09-21,12.2,15.8,11.0
2022-09-22,10.2,17.4,0.6
2022-09-23,7.5,17.4,0.0
2022-09-24,4.8,16.9,0.0
2022-09-25,9.8,19.1,0.0
2022-09-26,10.6,15.9,2.8
2022-09-27,9.0,15.2,6.8
2022-09-28,9.7,15.9,0.8
2022-09-29,6.1,17.6,0.2
2022-09-30,7.3,20.0,0.2
2022-10-01,8.7,21.5,0.0
2022-10-02,12.1,25.1,0.0
2022-10-03,16.9,23.6,0.0
2022-10-04,14.2,18.1,4.4
2022-10-05,13.9,22.0,11.0
2022-10-06,11.6,24.1,0.0
2022-10-07,11.3,17.5,7.2
2022-10-08,8.4,16.3,0.2
2022-10-09,5.4,17.3,0.0
2022-10-10,9.8,22.2,0.0
2022-10-11,16.3,24.3,0.0
2022-10-12,14.5,15.0,0.0
2022-10-13,11.3,17.9,3.6
2022-10-14,10.4,17.7,9.4
2022-10-15,11.1,18.9,1.2
2022-10-16,6.9,20.9,0.0
2022-10-17,11.4,24.7,0.0
2022-10-18,14.4,22.4,0.8
2022-10-19,14.3,24.9,0.2
2022-10-20,12.6,25.3,0.0
2022-10-21,16.0,23.9,0.0
2022-10-22,15.1,22.4,0.0
2022-10-23,14.2,17.4,0.6
2022-10-24,13.7,20.5,11.0
2022-10-25,13.3,19.9,0.8
2022-10-26,13.3,18.1,1.0
2022-10-27,12.9,18.2,2.2
2022-10-28,13.4,18.6,0.0
2022-10-29,10.7,20.0,0.0
2022-10-30,9.9,27.8,0.0
2022-10-31,12.5,15.3,4.4
2022-11-01,8.4,14.8,7.4
2022-11-02,8.3,16.9,12.6
2022-11-03,9.8,18.9,1.2
2022-11-04,6.3,20.7,0.2
2022-11-05,13.5,26.4,0.0
2022-11-06,12.8,28.4,0.0
2022-11-07,17.0,30.2,0.0
2022-11-08,19.2,32.1,0.0
2022-11-09,22.8,32.0,0.0
2022-11-10,16.6,22.9,10.0
2022-11-11,15.6,24.8,0.0
2022-11-12,16.8,22.2,0.8
2022-11-13,15.1,21.5,16.8
2022-11-14,12.3,18.3,5.0
2022-11-15,8.6,16.0,2.2
2022-11-16,9.0,18.1,0.0
2022-11-17,8.9,22.8,0.0
2022-11-18,15.4,23.9,0.0
2022-11-19,15.3,23.3,13.8
2022-11-20,11.1,19.2,9.4
2022-11-21,9.0,16.9,11.8
2022-11-22,12.5,18.9,0.0
2022-11-23,12.2,20.1,0.2
2022-11-24,8.7,24.2,0.0
2022-11-25,11.5,32.9,0.0
2022-11-26,22.8,26.0,0.0
2022-11-27,14.9,20.6,0.2
2022-11-28,11.9,20.0,0.2
2022-11-29,14.0,20.5,0.0
2022-11-30,10.0,23.4,0.0
2022-12-01,10.9,26.1,0.0
2022-12-02,13.9,28.1,0.0
2022-12-03,14.7,33.6,0.0
2022-12-04,16.2,35.5,0.0
2022-12-05,14.9,23.3,0.0
2022-12-06,10.7,27.2,0.0
2022-12-07,14.0,20.9,0.0
2022-12-08,8.3,21.1,0.0
2022-12-09,12.1,27.2,0.0
2022-12-10,15.0,35.6,0.0
2022-12-11,16.6,22.4,0.8
2022-12-12,12.6,19.1,3.2
2022-12-13,13.3,19.7,0.2
2022-12-14,9.7,19.8,0.2
2022-12-15,9.2,20.9,0.0
2022-12-16,11.2,22.7,0.0
2022-12-17,14.1,27.7,0.0
2022-12-18,17.3,30.1,0.0
2022-12-19,21.6,32.9,0.0
2022-12-20,24.1,30.4,0.0
2022-12-21,18.9,27.9,2.6
2022-12-22,16.6,25.1,0.8
2022-12-23,11.8,23.9,0.0
2022-12-24,11.7,25.2,0.0
2022-12-25,13.4,32.9,0.0
2022-12-26,17.0,39.0,0.0
2022-12-27,27.0,41.0,0.0
2022-12-28,17.6,22.7,3.2
2022-12-29,11.8,24.2,0.2
2022-12-30,13.6,28.2,0.0
2022-12-31,13.2,32.2,0.0
2023-01-01,18.2,36.6,0.0
2023-01-02,17.4,30.3,0.0
2023-01-03,15.9,24.7,0.0
2023-01-04,13.9,22.9,0.0
2023-01-05,13.2,24.7,0.0
2023-01-06,16.0,28.9,0.0
2023-01-07,20.1,35.9,0.0
2023-01-08,23.7,37.1,0.0
2023-01-09,16.5,31.8,0.0
2023-01-10,14.0,31.9,0.0
2023-01-11,15.2,32.6,0.0
2023-01-12,15.6,35.3,0.0
2023-01-13,18.5,37.2,0.0
2023-01-14,27.1,40.6,0.0
2023-01-15,16.0,25.3,0.0
2023-01-16,16.3,35.2,0.0
2023-01-17,22.6,36.6,0.0
2023-01-18,18.4,20.9,2.8
2023-01-19,14.3,23.0,0.0
2023-01-20,12.8,24.9,0.0
2023-01-21,15.7,27.2,0.0
2023-01-22,15.0,30.1,0.0
2023-01-23,16.2,32.4,0.0
2023-01-24,17.0,29.8,0.0
2023-01-25,14.6,26.5,0.0
2023-01-26,15.1,28.8,0.0
2023-01-27,13.1,37.8,0.0
2023-01-28,23.9,27.8,0.0
2023-01-29,19.3,23.6,14.4
2023-01-30,15.3,26.5,0.2
2023-01-31,12.3,24.6,0.0
2023-02-01,12.5,21.0,0.0
2023-02-02,15.0,20.7,0.4
2023-02-03,12.7,19.3,2.8
2023-02-04,11.7,21.7,2.0
2023-02-05,10.8,23.2,0.0
2023-02-06,11.7,28.6,0.0
2023-02-07,13.7,31.7,0.0
2023-02-08,17.4,33.2,0.0
2023-02-09,16.3,36.9,0.0
2023-02-10,18.5,25.7,0.2
2023-02-11,18.8,23.6,0.0
2023-02-12,13.7,24.6,0.0
2023-02-13,12.1,25.5,0.0
2023-02-14,13.9,27.0,0.0
2023-02-15,18.4,35.7,0.0
2023-02-16,25.1,39.7,0.0
2023-02-17,18.3,25.8,0.0
2023-02-18,11.6,27.5,0.0
2023-02-19,12.5,29.7,0.0
2023-02-20,15.0,34.5,0.0
2023-02-21,23.2,36.5,0.0
2023-02-22,21.1,38.7,0.0
2023-02-23,25.3,40.2,0.0
2023-02-24,29.6,38.0,0.0
2023-02-25,17.3,23.3,12.2
2023-02-26,13.0,24.6,0.0
2023-02-27,11.7,26.3,0.0
2023-02-28,14.0,22.8,0.0
2023-03-01,14.2,24.1,0.0
2023-03-02,15.7,23.0,0.0
2023-03-03,13.5,25.6,0.0
2023-03-04,12.8,28.2,0.0
2023-03-05,15.2,24.8,0.0
2023-03-06,15.3,23.6,4.0
2023-03-07,15.5,21.1,1.6
2023-03-08,14.3,20.5,7.4
2023-03-09,12.5,21.9,1.4
2023-03-10,12.3,26.8,0.0
2023-03-11,14.2,25.6,0.0
2023-03-12,12.2,22.7,0.0
2023-03-13,11.4,27.4,0.0
2023-03-14,12.1,27.2,0.0
2023-03-15,14.9,31.8,0.0
2023-03-16,16.9,27.5,0.0
2023-03-17,19.1,33.6,0.0
2023-03-18,20.2,26.0,0.0
2023-03-19,15.7,25.4,0.0
2023-03-20,14.9,23.2,0.0
2023-03-21,16.7,28.5,0.0
2023-03-22,15.3,31.2,0.4
2023-03-23,14.8,24.0,0.0
2023-03-24,14.2,24.8,0.0
2023-03-25,12.1,24.8,0.0
2023-03-26,15.5,22.9,0.0
2023-03-27,16.2,23.0,9.4
2023-03-28,14.6,23.4,5.8
2023-03-29,13.4,21.7,1.8
2023-03-30,10.9,20.9,1.0
2023-03-31,13.2,21.2,1.4
2023-04-01,11.6,19.3,0.2
2023-04-02,11.0,20.7,0.0
2023-04-03,13.0,24.3,0.0
2023-04-04,14.3,28.4,0.0
2023-04-05,18.7,28.9,0.0
2023-04-06,16.6,24.3,0.8
2023-04-07,13.8,21.3,6.8
2023-04-08,13.8,19.4,6.6
2023-04-09,10.9,18.4,0.2
2023-04-10,8.5,20.3,0.0
2023-04-11,13.0,21.1,0.0
2023-04-12,16.2,20.5,5.0
2023-04-13,14.2,20.3,0.0
2023-04-14,11.2,26.7,0.0
2023-04-15,14.9,20.3,12.4
2023-04-16,10.2,18.3,13.0
2023-04-17,10.5,21.7,0.0
2023-04-18,10.9,24.0,0.0
2023-04-19,11.5,18.2,3.2
2023-04-20,12.1,19.0,0.0
2023-04-21,10.4,20.5,0.0
2023-04-22,10.0,23.4,0.0
2023-04-23,12.8,24.7,0.0
2023-04-24,14.1,28.0,0.0
2023-04-25,16.9,28.6,0.0
2023-04-26,21.1,28.6,0.0
2023-04-27,15.8,22.7,5.4
2023-04-28,15.0,18.3,3.2
2023-04-29,9.8,17.3,8.8
2023-04-30,10.8,17.7,0.6
2023-05-01,12.9,18.8,6.6
2023-05-02,13.8,19.1,2.4
2023-05-03,14.3,18.1,3.0
2023-05-04,9.4,16.4,0.0
2023-05-05,12.3,16.3,0.0
2023-05-06,8.6,15.6,10.8
2023-05-07,4.6,16.0,1.0
2023-05-08,5.8,15.4,0.6
2023-05-09,7.3,17.9,0.8
2023-05-10,7.5,18.2,0.2
2023-05-11,10.4,19.7,0.0
2023-05-12,9.4,19.7,0.0
2023-05-13,8.0,21.8,0.0
2023-05-14,12.8,25.2,0.0
2023-05-15,7.3,23.5,0.0
2023-05-16,8.9,17.6,0.0
2023-05-17,11.7,15.6,1.2
2023-05-18,6.5,15.4,0.0
2023-05-19,6.1,16.6,1.6
2023-05-20,9.5,17.2,12.6
2023-05-21,10.7,17.9,3.4
2023-05-22,9.9,16.2,1.2
2023-05-23,9.5,16.6,0.0
2023-05-24,9.8,19.3,0.0
2023-05-25,13.5,15.6,3.0
2023-05-26,7.3,15.6,9.4
2023-05-27,10.0,16.3,0.6
2023-05-28,12.4,17.6,5.6
2023-05-29,12.5,17.7,3.8
2023-05-30,13.5,17.5,4.4
2023-05-31,14.1,20.4,0.2
2023-06-01,12.7,18.4,0.0
2023-06-02,14.4,20.0,0.0
2023-06-03,14.3,25.3,0.0
2023-06-04,17.4,22.2,0.0
2023-06-05,16.0,18.8,0.6
2023-06-06,14.5,23.6,0.8
2023-06-07,15.7,21.7,17.4
2023-06-08,12.8,17.7,6.0
2023-06-09,10.3,16.1,10.8
2023-06-10,9.6,16.7,0.4
2023-06-11,8.4,18.0,0.6
2023-06-12,12.6,19.4,0.0
2023-06-13,11.9,16.5,3.6
2023-06-14,9.4,15.0,2.2
2023-06-15,10.3,17.4,1.4
2023-06-16,10.3,18.9,0.2
2023-06-17,11.3,14.7,0.0
2023-06-18,6.1,15.7,6.4
2023-06-19,8.3,13.9,10.0
2023-06-20,7.4,15.5,0.0
2023-06-21,9.1,14.3,0.0
2023-06-22,9.4,12.9,6.6
2023-06-23,8.3,15.0,41.6
2023-06-24,9.9,13.7,0.0
2023-06-25,9.4,15.0,1.8
2023-06-26,9.7,16.0,5.8
2023-06-27,10.1,12.2,4.4
2023-06-28,8.2,15.3,0.4
2023-06-29,5.6,13.8,1.4
2023-06-30,9.2,15.2,2.4
2023-07-01,9.4,15.6,2.0
2023-07-02,5.8,13.5,0.2
2023-07-03,6.4,13.0,0.0
2023-07-04,7.6,14.7,0.4
2023-07-05,8.9,17.6,0.0
2023-07-06,11.0,14.9,3.6
2023-07-07,8.8,15.4,5.0
2023-07-08,9.9,15.4,10.6
2023-07-09,11.3,15.0,3.4
2023-07-10,11.7,16.8,1.6
2023-07-11,10.9,16.6,0.0
2023-07-12,8.4,16.7,0.0
2023-07-13,8.5,16.2,0.0
2023-07-14,9.5,17.6,0.0
2023-07-15,8.7,13.7,0.0
2023-07-16,5.1,15.0,0.0
2023-07-17,3.1,16.3,0.0
2023-07-18,2.9,15.5,0.0
2023-07-19,5.3,16.9,0.4
2023-07-20,11.3,15.2,0.2
2023-07-21,3.8,14.8,0.8
2023-07-22,8.4,14.9,0.2
2023-07-23,6.4,14.2,11.6
2023-07-24,6.6,14.5,0.2
2023-07-25,10.8,17.0,0.0
2023-07-26,5.3,17.5,0.0
2023-07-27,9.5,19.2,0.0
2023-07-28,9.7,16.3,3.2
2023-07-29,9.2,17.1,0.2
2023-07-30,8.5,17.5,0.0
2023-07-31,10.5,16.1,2.2
2023-08-01,11.0,15.6,1.0
2023-08-02,8.1,19.4,0.0
2023-08-03,13.9,24.7,0.0
2023-08-04,13.2,15.3,6.0
2023-08-05,5.9,15.2,0.2
2023-08-06,8.3,15.2,0.0
2023-08-07,5.3,16.1,0.0
2023-08-08,3.6,19.05,0.0
2023-08-09,8.2,22.0,0.0
2023-08-10,10.3,15.3,2.0
2023-08-11,8.3,16.1,0.0
2023-08-12,10.2,14.4,4.4
2023-08-13,10.6,14.9,1.6
2023-08-14,6.8,16.3,0.0
2023-08-15,3.9,17.8,0.0
2023-08-16,10.0,19.5,0.0
2023-08-17,11.6,16.9,7.2
2023-08-18,9.1,14.8,3.8
2023-08-19,10.7,15.6,1.0
2023-08-20,11.9,16.2,1.0
2023-08-21,10.3,19.1,0.0
2023-08-22,9.3,14.9,10.4
2023-08-23,6.4,14.8,0.2
2023-08-24,5.6,19.9,0.0
2023-08-25,10.3,20.299999999999997,0.0
2023-08-26,7.9,20.7,0.0
2023-08-27,8.6,17.6,0.0
2023-08-28,6.0,21.7,0.0
2023-08-29,13.1,26.4,0.0
2023-08-30,12.9,16.2,0.0
2023-08-31,9.6,15.9,0.0
2023-09-01,10.0,17.0,0.0
2023-09-02,6.1,21.8,0.0
2023-09-03,13.8,24.4,0.0
2023-09-04,12.5,16.1,1.8
2023-09-05,9.8,16.3,1.4
2023-09-06,8.7,23.8,0.0
2023-09-07,11.3,15.1,13.6
2023-09-08,8.5,13.4,4.8
2023-09-09,3.7,15.3,1.0
2023-09-10,4.4,19.3,0.0
2023-09-11,9.7,22.0,0.0
2023-09-12,10.8,23.8,0.0
2023-09-13,9.4,27.6,0.0
2023-09-14,17.2,28.9,0.0
2023-09-15,11.3,20.9,0.0
2023-09-16,7.9,24.9,0.0
2023-09-17,9.7,30.8,0.0
2023-09-18,15.0,25.1,0.0
2023-09-19,12.7,21.4,0.0
2023-09-20,13.5,18.3,0.4
2023-09-21,11.2,18.2,1.8
2023-09-22,7.3,20.5,0.0
2023-09-23,12.8,23.6,0.0
2023-09-24,11.4,27.9,0.0
2023-09-25,11.0,23.5,0.0
2023-09-26,7.2,20.6,0.0
2023-09-27,11.3,18.7,0.0
2023-09-28,6.8,22.9,0.0
2023-09-29,10.2,29.0,0.0
2023-09-30,11.9,31.5,0.0
2023-10-01,13.9,19.6,0.0
2023-10-02,9.3,31.1,0.0
2023-10-03,13.8,20.1,1.2
2023-10-04,8.1,16.3,1.0
2023-10-05,10.1,16.8,0.0
2023-10-06,9.5,18.3,1.4
2023-10-07,10.6,19.1,0.0
2023-10-08,8.6,21.3,0.0
2023-10-09,9.0,24.8,0.0
2023-10-10,8.4,26.8,0.0
2023-10-11,15.9,32.4,0.0
2023-10-12,9.6,18.5,1.2
2023-10-13,11.7,18.2,0.2
2023-10-14,13.4,19.0,0.0
2023-10-15,12.0,18.2,2.0
2023-10-16,11.3,18.6,3.6
2023-10-17,5.9,19.9,0.0
2023-10-18,8.4,27.0,0.0
2023-10-19,12.7,31.7,0.0
2023-10-20,19.8,23.6,0.0
2023-10-21,12.7,17.9,0.0
2023-10-22,11.0,18.2,0.6
2023-10-23,6.0,26.3,0.0
2023-10-24,13.7,18.4,0.0
2023-10-25,10.0,15.4,0.0
2023-10-26,5.0,18.9,0.2
2023-10-27,9.2,24.3,0.0
2023-10-28,13.0,28.3,0.0
2023-10-29,8.1,20.6,0.0
2023-10-30,12.0,19.9,0.0
2023-10-31,11.2,18.3,0.2
2023-11-01,7.6,22.3,0.0
2023-11-02,9.8,25.0,0.0
2023-11-03,10.1,23.4,0.0
2023-11-04,10.7,23.4,0.0
2023-11-05,9.5,25.8,0.0
2023-11-06,10.3,26.2,0.0
2023-11-07,10.2,26.6,0.0
2023-11-08,9.3,27.8,0.0
2023-11-09,10.8,31.2,0.0
2023-11-10,16.1,40.3,0.0
2023-11-11,15.2,23.0,0.0
2023-11-12,9.3,19.7,0.0
2023-11-13,8.4,21.3,0.0
2023-11-14,13.4,21.2,0.4
2023-11-15,9.3,23.6,0.0
2023-11-16,12.5,22.3,0.0
2023-11-17,9.5,25.1,0.0
2023-11-18,9.4,26.9,0.0
2023-11-19,13.5,24.8,0.0
2023-11-20,12.7,26.3,0.0
2023-11-21,10.9,24.3,0.0
2023-11-22,13.8,25.5,0.0
2023-11-23,14.8,19.1,0.0
2023-11-24,14.5,21.2,22.8
2023-11-25,14.5,21.5,0.0
2023-11-26,15.6,23.4,0.0
2023-11-27,13.1,26.1,0.0
2023-11-28,11.7,19.5,33.6
2023-11-29,12.3,24.1,3.8
2023-11-30,15.8,27.0,0.0
2023-12-01,12.5,25.0,0.0
2023-12-02,14.7,21.7,0.0
2023-12-03,9.7,29.0,0.0
2023-12-04,17.4,36.0,0.0
2023-12-05,19.4,27.4,0.0
2023-12-06,15.1,31.3,0.0
2023-12-07,19.4,31.7,0.0
2023-12-08,22.2,34.8,0.0
2023-12-09,15.9,15.9,8.2
2023-12-10,13.4,22.5,30.6
2023-12-11,13.7,25.4,11.8
2023-12-12,17.8,25.4,20.0
2023-12-13,16.1,24.1,0.4
2023-12-14,16.1,22.4,2.0
2023-12-15,12.6,21.4,0.0
2023-12-16,14.4,21.6,0.0
2023-12-17,10.3,29.6,0.0
2023-12-18,18.7,31.7,0.0
2023-12-19,14.5,20.9,0.0
2023-12-20,11.7,21.1,0.0
2023-12-21,11.8,22.6,0.0
2023-12-22,12.8,28.2,0.0
2023-12-23,15.0,27.6,0.0
2023-12-24,13.0,21.8,0.0
2023-12-25,13.7,19.7,0.0
2023-12-26,14.3,21.5,0.2
2023-12-27,15.5,26.5,0.0
2023-12-28,13.7,29.0,0.0
2023-12-29,17.0,25.1,0.2
2023-12-30,13.4,21.8,0.0
2023-12-31,12.0,26.6,0.0
2024-01-01,13.4,27.9,0.0
2024-01-02,16.9,28.9,0.0
2024-01-03,18.2,27.0,0.0
2024-01-04,19.5,32.8,0.2
2024-01-05,21.6,35.0,0.0
2024-01-06,23.5,28.8,0.0
2024-01-07,21.2,26.0,13.4
2024-01-08,16.9,23.8,0.2
2024-01-09,13.9,26.2,0.0
2024-01-10,14.6,28.6,0.0
2024-01-11,14.3,33.5,0.0
2024-01-12,18.7,37.2,0.0
2024-01-13,25.4,32.4,0.0
2024-01-14,17.9,30.5,0.0
2024-01-15,20.0,34.9,0.0
2024-01-16,22.6,32.9,0.0
2024-01-17,14.2,21.2,6.8
2024-01-18,12.0,22.4,0.0
2024-01-19,9.5,30.8,0.0
2024-01-20,18.0,35.7,0.0
2024-01-21,15.2,26.5,0.0
2024-01-22,14.2,31.7,0.0
2024-01-23,20.3,41.2,0.0
2024-01-24,19.2,29.7,5.2
2024-01-25,21.1,25.2,0.4
2024-01-26,15.0,23.3,34.8
2024-01-27,13.0,22.7,0.2
2024-01-28,14.8,28.7,0.0
2024-01-29,16.3,29.8,0.0
2024-01-30,13.7,26.0,0.0
2024-01-31,12.4,26.0,0.0
2024-02-01,12.6,26.5,0.0
2024-02-02,14.2,29.6,0.0
2024-02-03,14.4,34.7,0.0
2024-02-04,18.5,39.6,0.0
2024-02-05,17.5,25.1,0.0
2024-02-06,11.0,24.4,0.0
2024-02-07,13.1,26.2,0.0
2024-02-08,14.2,29.1,0.0
2024-02-09,12.8,29.1,0.0
2024-02-10,15.3,31.1,0.0
2024-02-11,15.5,33.7,0.0
2024-02-12,17.1,37.9,0.0
2024-02-13,21.0,26.9,0.0
2024-02-14,12.7,23.7,0.0
2024-02-15,10.5,26.7,0.0
2024-02-16,12.4,29.0,0.0
2024-02-17,13.2,32.9,0.0
2024-02-18,16.9,34.7,0.0
2024-02-19,17.2,33.8,0.0
2024-02-20,24.5,32.9,0.0
2024-02-21,24.2,35.7,0.0
2024-02-22,18.8,33.4,0.0
2024-02-23,16.8,21.6,0.0
2024-02-24,12.7,25.7,0.0
2024-02-25,13.5,31.3,0.0
2024-02-26,16.9,27.3,0.0
2024-02-27,20.2,37.6,0.0
2024-02-28,24.0,28.0,0.0
2024-02-29,18.4,25.6,0.0
2024-03-01,15.0,27.8,0.0
2024-03-02,15.4,27.8,0.0
2024-03-03,13.1,26.6,0.0
2024-03-04,14.1,29.3,0.0
2024-03-05,17.4,34.1,0.0
2024-03-06,19.4,34.5,0.0
2024-03-07,17.2,32.7,0.0
2024-03-08,19.7,37.4,0.0
2024-03-09,25.7,39.9,0.0
2024-03-10,26.6,38.8,0.0
2024-03-11,24.2,39.2,0.0
2024-03-12,24.6,37.1,0.0
2024-03-13,23.2,33.4,0.0
2024-03-14,19.9,26.1,0.4
2024-03-15,16.7,29.4,1.2
2024-03-16,17.3,32.9,0.2
2024-03-17,20.8,31.8,1.2
2024-03-18,21.5,32.9,0.0
2024-03-19,17.9,23.8,0.0
2024-03-20,11.4,21.0,0.0
2024-03-21,13.3,23.5,0.0
2024-03-22,9.7,24.7,0.0
2024-03-23,14.5,23.1,0.0
2024-03-24,11.4,22.7,0.0
2024-03-25,9.4,21.5,0.0
2024-03-26,9.6,23.2,0.0
2024-03-27,11.1,26.1,0.0
2024-03-28,14.1,26.7,0.0
2024-03-29,16.0,31.0,0.0
2024-03-30,14.9,33.4,0.0
2024-03-31,16.5,34.5,0.0
2024-04-01,17.2,22.6,0.0
2024-04-02,15.9,20.4,0.8
2024-04-03,13.1,21.6,0.4
2024-04-04,12.5,21.6,0.2
2024-04-05,13.5,22.0,0.0
2024-04-06,9.9,22.8,0.0
2024-04-07,10.5,21.3,0.0
2024-04-08,13.2,21.6,0.0
2024-04-09,9.0,18.8,5.0
2024-04-10,11.4,19.8,0.0
2024-04-11,13.1,20.7,0.0
2024-04-12,9.1,19.6,0.0
2024-04-13,9.2,20.6,0.0
2024-04-14,7.7,22.6,0.0
2024-04-15,9.0,22.7,0.0
2024-04-16,9.2,22.2,0.0
2024-04-17,9.5,20.7,0.0
2024-04-18,12.0,18.3,0.0
2024-04-19,12.1,19.8,5.4
2024-04-20,8.3,22.3,0.2
2024-04-21,6.6,21.0,0.0
2024-04-22,6.3,26.4,0.0
2024-04-23,13.9,25.4,0.0
2024-04-24,8.2,18.5,0.0
2024-04-25,7.3,19.4,0.0
2024-04-26,9.7,17.6,0.0
2024-04-27,9.3,20.8,0.0
2024-04-28,11.8,23.6,0.0
2024-04-29,12.7,20.3,0.0
2024-04-30,11.3,17.7,0.0
2024-05-01,7.6,19.2,0.0
2024-05-02,9.3,21.0,0.0
2024-05-03,8.2,21.7,0.0
2024-05-04,7.7,21.3,0.0
2024-05-05,11.2,23.8,0.0
2024-05-06,9.1,22.0,0.0
2024-05-07,10.3,23.4,0.0
2024-05-08,12.7,23.6,0.0
2024-05-09,12.4,23.6,0.0
2024-05-10,8.5,22.7,0.0
2024-05-11,10.8,20.8,0.0
2024-05-12,7.0,19.0,0.0
2024-05-13,7.8,20.7,0.0
2024-05-14,7.7,22.0,0.0
2024-05-15,9.0,22.7,0.0
2024-05-16,10.2,22.2,0.0
2024-05-17,7.6,22.2,0.0
2024-05-18,6.3,17.3,0.0
2024-05-19,4.3,16.0,0.0
2024-05-20,11.0,18.0,0.6
2024-05-21,8.2,16.2,0.0
2024-05-22,3.7,16.4,0.0
2024-05-23,4.7,17.6,0.0
2024-05-24,5.9,19.2,0.0
2024-05-25,8.8,21.7,0.0
2024-05-26,7.1,23.1,0.0
2024-05-27,7.2,23.5,0.0
2024-05-28,9.2,24.9,0.0
2024-05-29,12.8,24.4,0.0
2024-05-30,14.4,18.0,6.6
2024-05-31,11.4,17.5,3.2
2024-06-01,4.3,16.0,9.4
2024-06-02,4.0,16.4,0.0
2024-06-03,5.6,13.4,0.0
2024-06-04,8.5,15.2,0.0
2024-06-05,5.9,17.4,0.4
2024-06-06,8.3,17.0,0.0
2024-06-07,8.6,15.6,0.2
2024-06-08,8.6,15.7,0.0
2024-06-09,9.9,17.7,0.0
2024-06-10,11.2,20.6,0.0
2024-06-11,15.1,19.3,1.0
2024-06-12,12.9,18.1,9.2
2024-06-13,9.2,16.0,0.4
2024-06-14,12.7,17.3,12.6
2024-06-15,10.2,13.7,4.6
2024-06-16,5.0,16.4,0.2
2024-06-17,3.0,15.3,0.0
2024-06-18,6.8,15.2,0.0
2024-06-19,11.4,17.9,0.0
2024-06-20,8.6,14.9,7.6
2024-06-21,5.1,16.0,0.0
2024-06-22,3.2,14.6,0.2
2024-06-23,6.1,14.8,0.0
2024-06-24,8.8,14.6,0.4
2024-06-25,8.3,12.9,9.4
2024-06-26,8.3,14.4,8.2
2024-06-27,9.4,16.4,0.6
2024-06-28,10.6,15.8,0.0
2024-06-29,10.2,12.5,17.2
2024-06-30,3.1,13.7,2.2
2024-07-01,4.8,13.4,0.2
2024-07-02,2.6,13.7,0.0
2024-07-03,0.6,15.0,0.2
2024-07-04,5.8,17.1,0.0
2024-07-05,8.8,18.1,0.0
2024-07-06,11.3,18.5,0.0
2024-07-07,12.7,14.6,0.0
2024-07-08,11.5,14.6,0.0
2024-07-09,9.4,16.8,2.0
2024-07-10,6.3,17.1,0.0
2024-07-11,11.4,15.3,5.8
2024-07-12,8.0,15.8,2.2
2024-07-13,9.2,15.8,0.8
2024-07-14,6.0,14.8,2.6
2024-07-15,5.9,13.5,4.0
2024-07-16,7.9,13.8,2.8
2024-07-17,6.3,13.7,4.0
2024-07-18,5.7,12.9,3.2
2024-07-19,9.6,12.5,0.2
2024-07-20,9.1,15.4,10.0
2024-07-21,10.6,15.5,1.6
2024-07-22,9.5,17.5,0.2
2024-07-23,9.8,19.1,0.0
2024-07-24,12.1,21.8,0.0
2024-07-25,8.9,15.7,6.4
2024-07-26,10.4,17.2,0.0
2024-07-27,9.4,13.8,4.4
2024-07-28,4.1,13.9,0.4
2024-07-29,2.7,14.9,0.0
2024-07-30,2.3,16.9,0.2
2024-07-31,4.8,19.1,0.0
2024-08-01,9.4,17.5,0.0
2024-08-02,11.3,18.0,0.0
2024-08-03,5.3,16.2,1.2
2024-08-04,8.2,14.3,0.0
2024-08-05,8.2,15.5,1.2
2024-08-06,5.7,15.9,0.0
2024-08-07,5.9,18.4,0.0
2024-08-08,11.7,15.2,0.2
2024-08-09,7.0,15.8,1.6
2024-08-10,4.4,17.9,0.0
2024-08-11,7.0,21.7,0.2
2024-08-12,13.6,23.9,0.0
2024-08-13,16.1,22.8,0.0
2024-08-14,13.3,23.1,0.0
2024-08-15,14.7,24.6,5.8
2024-08-16,11.9,16.9,19.4
2024-08-17,11.7,15.0,1.4
2024-08-18,7.0,17.7,1.2
2024-08-19,10.9,19.8,0.0
2024-08-20,14.5,18.1,0.8
2024-08-21,12.7,17.6,2.0
2024-08-22,10.0,20.2,2.0
2024-08-23,11.3,25.2,0.0
2024-08-24,11.8,23.0,0.0
2024-08-25,15.1,18.8,0.0
2024-08-26,11.7,17.5,2.0
2024-08-27,11.2,23.5,0.2
2024-08-28,13.7,17.5,0.0
2024-08-29,8.2,23.0,0.0
2024-08-30,11.9,18.6,0.0
2024-08-31,12.4,17.8,3.6
2024-09-01,11.7,19.3,0.0
2024-09-02,11.6,16.1,7.6
2024-09-03,6.0,21.2,0.0
2024-09-04,12.4,25.3,0.0
2024-09-05,16.9,27.3,0.4
2024-09-06,15.6,15.9,0.0
2024-09-07,9.3,18.5,2.6
2024-09-08,10.0,18.4,0.0
2024-09-09,12.3,18.1,0.8
2024-09-10,8.6,22.3,0.2
2024-09-11,8.9,18.2,0.0
2024-09-12,4.7,18.0,0.6
2024-09-13,4.3,16.5,0.0
2024-09-14,6.0,16.0,0.0
2024-09-15,6.3,16.7,0.0
2024-09-16,2.8,18.3,0.0
2024-09-17,1.3,19.7,0.0
2024-09-18,7.5,21.9,0.0
2024-09-19,8.2,15.9,0.8
2024-09-20,11.1,16.5,0.4
2024-09-21,10.9,17.0,5.0
2024-09-22,12.0,18.8,1.8
2024-09-23,9.9,20.9,0.2
2024-09-24,11.3,24.5,0.0
2024-09-25,12.3,19.6,0.0
2024-09-26,7.0,17.7,0.2
2024-09-27,6.6,22.2,0.0
2024-09-28,14.3,26.1,0.0
2024-09-29,12.1,18.2,10.2
2024-09-30,9.9,20.0,1.4
2024-10-01,9.5,19.9,0.0
2024-10-02,11.3,25.1,0.0
2024-10-03,16.8,29.5,0.0
2024-10-04,13.2,20.8,1.4
2024-10-05,13.9,19.0,0.2
2024-10-06,12.5,21.0,6.4
2024-10-07,12.0,21.4,0.0
2024-10-08,7.0,20.1,0.0
2024-10-09,11.9,27.8,0.0
2024-10-10,13.6,21.2,0.0
2024-10-11,6.7,22.0,0.0
2024-10-12,7.6,24.4,0.0
2024-10-13,14.7,29.6,0.0
2024-10-14,14.2,29.3,0.0
2024-10-15,18.9,31.4,1.2
2024-10-16,19.5,33.4,0.0
2024-10-17,21.6,27.8,0.0
2024-10-18,15.4,19.6,6.2
2024-10-19,8.1,21.9,0.2
2024-10-20,8.8,25.0,0.0
2024-10-21,13.2,33.2,0.0
2024-10-22,16.5,24.3,0.0
2024-10-23,13.0,20.9,0.0
2024-10-24,10.1,19.4,0.0
2024-10-25,7.5,20.6,0.0
2024-10-26,13.9,28.7,0.0
2024-10-27,12.3,26.2,0.0
2024-10-28,10.4,23.7,0.0
2024-10-29,8.3,24.9,0.0
2024-10-30,10.1,28.1,0.0
2024-10-31,11.4,22.8,0.0
2024-11-01,9.1,23.7,0.0
2024-11-02,14.6,33.6,0.0
2024-11-03,15.6,22.1,0.0
2024-11-04,13.4,23.1,0.0
2024-11-05,11.2,27.2,0.0
2024-11-06,17.1,22.9,2.0
2024-11-07,11.6,21.7,0.2
2024-11-08,13.5,21.0,0.6
2024-11-09,9.5,23.2,0.0
2024-11-10,10.9,27.9,0.0
2024-11-11,15.0,31.2,0.2
2024-11-12,17.9,28.1,0.0
2024-11-13,15.1,22.3,0.0
2024-11-14,9.2,21.0,0.0
2024-11-15,9.2,30.4,0.0
2024-11-16,19.0,35.7,0.0
2024-11-17,13.1,20.1,10.2
2024-11-18,14.3,20.6,0.0
2024-11-19,9.3,25.0,0.0
2024-11-20,10.4,30.3,0.0
2024-11-21,14.7,35.8,0.0
2024-11-22,26.3,37.5,0.0
2024-11-23,24.6,32.8,0.0
2024-11-24,17.8,26.5,1.2
2024-11-25,17.3,28.5,0.0
2024-11-26,19.1,33.8,0.0
2024-11-27,15.6,23.2,3.6
2024-11-28,15.0,22.5,0.8
2024-11-29,11.6,24.9,0.0
2024-11-30,16.3,24.3,1.0
2024-12-01,16.1,27.8,0.0
2024-12-02,14.5,36.0,0.0
2024-12-03,17.3,23.6,8.0
2024-12-04,10.0,31.8,0.0
2024-12-05,20.0,40.1,0.0
2024-12-06,19.6,33.4,2.4
2024-12-07,22.4,26.5,0.0
2024-12-08,12.4,23.5,0.0
2024-12-09,16.4,27.0,0.0
2024-12-10,13.3,27.8,0.0
2024-12-11,11.7,24.0,0.0
2024-12-12,12.0,26.5,0.0
2024-12-13,14.5,29.1,0.0
2024-12-14,13.9,30.9,0.0
2024-12-15,18.4,38.7,0.0
2024-12-16,29.6,38.4,0.0
2024-12-17,17.5,24.7,0.0
2024-12-18,13.8,29.0,0.0
2024-12-19,16.1,33.7,0.0
2024-12-20,17.1,30.2,0.0
2024-12-21,15.5,26.4,0.0
2024-12-22,13.3,22.9,0.0
2024-12-23,10.8,22.7,0.0
2024-12-24,12.0,29.4,0.0
2024-12-25,17.6,36.6,0.0
2024-12-26,26.8,26.9,0.0
2024-12-27,15.3,21.8,0.0
2024-12-28,16.6,22.9,0.0
2024-12-29,14.3,25.5,4.2
2024-12-30,14.0,30.2,0.0
2024-12-31,14.0,29.0,0.0
